image_id,split,role,license,author,title,original_url,landing_url
04ce0bea454a0696,test,positive,https://creativecommons.org/licenses/by/2.0/,Kate Ter Haar,"“I never saw a Purple Cow; I never hope to See One; But I can Tell you, Anyhow, I'd rather See than Be One” Frank Gelett Burgess",https://farm7.staticflickr.com/3911/15047437635_71b885aa71_o.jpg,https://www.flickr.com/photos/katerha/15047437635
04dcab3d8b615aa7,test,negative,https://creativecommons.org/licenses/by/2.0/,Toms Baugis,IMG_2186,https://farm8.staticflickr.com/6201/6025675788_11c424da59_o.jpg,https://www.flickr.com/photos/toms/6025675788
0755c308c03f0bdc,test,positive,https://creativecommons.org/licenses/by/2.0/,Jon&#x27;s pics,Untitled,https://c5.staticflickr.com/2/1416/5139222226_b3bd0dd408_o.jpg,https://www.flickr.com/photos/nakedcharlton/5139222226
0a4052b537cc7e20,test,positive,https://creativecommons.org/licenses/by/2.0/,Doug Wertman,Buckin' In The Ozarks - Series 004 - 003,https://farm1.staticflickr.com/3726/9487660804_64a8c040f9_o.jpg,https://www.flickr.com/photos/nanoprobe67/9487660804
0d68f5133355b30a,test,positive,https://creativecommons.org/licenses/by/2.0/,Battle Creek CVB,Bull Riding - Battle Creek,https://c3.staticflickr.com/3/2563/4101397312_87394ea8ed_o.jpg,https://www.flickr.com/photos/battlecreekcvb/4101397312
0dfb0cb56b5f6f83,test,positive,https://creativecommons.org/licenses/by/2.0/,Vincent Lit,Munching,https://farm4.staticflickr.com/5605/15644858645_8e3264192b_o.jpg,https://www.flickr.com/photos/v_lit/15644858645
0e8d55f67017c922,test,positive,https://creativecommons.org/licenses/by/2.0/,Glen Bowman,"A cow blowing smoke out of its ass - Wittenham Clumps, Oxfordshire",https://farm3.staticflickr.com/5732/20826039598_5b4e66a9d4_o.jpg,https://www.flickr.com/photos/glenbowman/20826039598
0ea8215d241cd6a7,test,positive,https://creativecommons.org/licenses/by/2.0/,Photty,Happy Cows,https://farm8.staticflickr.com/6055/6328112267_c8a8cd2625_o.jpg,https://www.flickr.com/photos/photti/6328112267
16e30c3f32a91b17,test,negative,https://creativecommons.org/licenses/by/2.0/,Spencer Wright,"Maned Wolf (Chrysocyon Brachyurus), Hamerton Zoo",https://farm8.staticflickr.com/4082/4901282571_3586422f48_o.jpg,https://www.flickr.com/photos/spencer77/4901282571
1849e790e496eebe,test,positive,https://creativecommons.org/licenses/by/2.0/,Southern Arkansas University,IMG_9256,https://c7.staticflickr.com/5/4152/5060001340_74dfd6930a_o.jpg,https://www.flickr.com/photos/saumag/5060001340
190f1dc4449a93fc,test,negative,https://creativecommons.org/licenses/by/2.0/,craigfinlay,18 year old dog.,https://c5.staticflickr.com/4/3074/2602213760_5a9fdeb76e_o.jpg,https://www.flickr.com/photos/poisonbabyfood/2602213760
19d1c340dd7a4268,test,positive,https://creativecommons.org/licenses/by/2.0/,Richard,Mother and child,https://c1.staticflickr.com/1/56/138260822_0f38759939_o.jpg,https://www.flickr.com/photos/dipfan/138260822
1e54fe77eb9db77b,test,positive,https://creativecommons.org/licenses/by/2.0/,angela n.,"East Dorset, VT",https://c4.staticflickr.com/7/6120/6255865826_9e4b2083c4_o.jpg,https://www.flickr.com/photos/aon/6255865826
1ff71d48170ab844,test,negative,https://creativecommons.org/licenses/by/2.0/,RyC - Behind The Lens,Untitled,https://farm5.staticflickr.com/7541/15659296290_0c0e3513c1_o.jpg,https://www.flickr.com/photos/ryc-behindthelens/15659296290
224ad16181d9fb6b,test,positive,https://creativecommons.org/licenses/by/2.0/,foshie,two brown cows,https://c4.staticflickr.com/3/2287/1504459440_040f7299a7_o.jpg,https://www.flickr.com/photos/foshie/1504459440
226042dbf3ebdf47,test,positive,https://creativecommons.org/licenses/by/2.0/,John Johnston,who wants a piece of me,https://farm8.staticflickr.com/3469/3715438860_0615c79540_o.jpg,https://www.flickr.com/photos/ateabutnoe/3715438860/
2335287cb4210ed5,test,positive,https://creativecommons.org/licenses/by/2.0/,senza senso,Gijón toros,https://farm6.staticflickr.com/5788/20563943353_db91dcd436_o.jpg,https://www.flickr.com/photos/mesec/20563943353
26ad15f7c8fa32c1,test,positive,https://creativecommons.org/licenses/by/2.0/,carol patterson,no bull,https://farm2.staticflickr.com/6176/6157316980_abfd0d2c69_o.jpg,https://www.flickr.com/photos/30565636@N05/6157316980
335197067b30029e,test,positive,https://creativecommons.org/licenses/by/2.0/,U.S. Army,U.S. Army Wounded Warrior Sports Program - Team Roping - 10 May 2008 -  Las Cruces - New Mexico - FMWRC,https://c7.staticflickr.com/5/4097/4931395264_7a2c5e95c1_o.jpg,https://www.flickr.com/photos/familymwr/4931395264
356abab05ee349a7,test,positive,https://creativecommons.org/licenses/by/2.0/,Nick Black,El Handi - Killing the bull,https://farm8.staticflickr.com/1031/1287389264_edd6a8a582_o.jpg,https://www.flickr.com/photos/nick_bl/1287389264
3714aea98382da41,test,negative,https://creativecommons.org/licenses/by/2.0/,RacingKel,Time For Rupert Cheltenham Dec 2010,https://farm2.staticflickr.com/5166/5288662278_bf0d26e450_o.jpg,https://www.flickr.com/photos/46947011@N05/5288662278
373eb7cd1849a39d,test,positive,https://creativecommons.org/licenses/by/2.0/,Ronnie Macdonald,Chitwan 9 April - (030)_2,https://c6.staticflickr.com/1/210/467660440_fb1ad04021_o.jpg,https://www.flickr.com/photos/ronmacphotos/467660440
37a8b48110db608f,test,positive,https://creativecommons.org/licenses/by/2.0/,Yun Huang Yong,Look at those udders!,https://c8.staticflickr.com/1/35/108323980_2b3a44c999_o.jpg,https://www.flickr.com/photos/goosmurf/108323980
383f4d01a43c5b71,test,positive,https://creativecommons.org/licenses/by/2.0/,manhhai,BINH DUONG 1965-66 - Photo by Jim Moore,https://farm2.staticflickr.com/5614/15501900759_be6b87b96b_o.jpg,https://www.flickr.com/photos/13476480@N07/15501900759
38f12d6de5177c22,test,positive,https://creativecommons.org/licenses/by/2.0/,Auckland  Photo News,Young Bull wanting out,https://farm3.staticflickr.com/7167/6775323727_53a3edd9d5_o.jpg,https://www.flickr.com/photos/aucklandphotonews/6775323727
3b0552d633474d44,test,positive,https://creativecommons.org/licenses/by/2.0/,Jennifer Aitkens,The girls,https://farm5.staticflickr.com/83/235093203_fa33dea217_o.jpg,https://www.flickr.com/photos/molajen/235093203
3c0b58255137d56a,test,positive,https://creativecommons.org/licenses/by/2.0/,JWolff-STL,DSC_1864,https://c3.staticflickr.com/3/2808/10938939603_1b986a26b0_o.jpg,https://www.flickr.com/photos/jwolff-stl/10938939603
3c33e9bfebb4c463,test,negative,https://creativecommons.org/licenses/by/2.0/,saratogajean,Tag 5,https://farm4.staticflickr.com/4087/5070123908_1bb942f88f_o.jpg,https://www.flickr.com/photos/12714995@N03/5070123908
415cd68440b0cc93,test,positive,https://creativecommons.org/licenses/by/2.0/,Colegio Mayor Santillana,DSC_0509,https://farm4.staticflickr.com/1359/4598270442_431928c972_o.jpg,https://www.flickr.com/photos/colegiomayorsantillana/4598270442
421a93da4e4152f3,test,positive,https://creativecommons.org/licenses/by/2.0/,Linda,Sport Horse,https://farm4.staticflickr.com/1375/1189115902_5ab76f9bae_o.jpg,https://www.flickr.com/photos/lindaburnett/1189115902
450360d4f08b9f53,test,positive,https://creativecommons.org/licenses/by/2.0/,FieldsportsChannel TV,Texas longhorn,https://farm4.staticflickr.com/8378/8413484297_5a1d831b56_o.jpg,https://www.flickr.com/photos/fieldsportschannel/8413484297
452c856678a9b284,test,negative,https://creativecommons.org/licenses/by/2.0/,Bill Morrow,SONOITA FAIRGROUND,https://farm5.staticflickr.com/8445/7911876806_b229b59ac0_o.jpg,https://www.flickr.com/photos/billmorrow/7911876806
4b10e6b2dd5cf169,test,positive,https://creativecommons.org/licenses/by/2.0/,Marc Dalmulder,2011_08_27_0872 (1024x683),https://c2.staticflickr.com/7/6190/6084621345_e0f55630bd_o.jpg,https://www.flickr.com/photos/mdalmuld/6084621345
4c85d26fa6d01bc2,test,positive,https://creativecommons.org/licenses/by/2.0/,Ben Salter,Piercing,https://farm3.staticflickr.com/8738/16918062016_fc8903970f_o.jpg,https://www.flickr.com/photos/ben_salter/16918062016
4d55c519a24906d3,test,positive,https://creativecommons.org/licenses/by/2.0/,Ricky wilson,Get off me human!,https://farm4.staticflickr.com/7304/12739888804_e076de7f4e_o.jpg,https://www.flickr.com/photos/rlwilsonphotography/12739888804
5105e40ffa169f06,test,positive,https://creativecommons.org/licenses/by/2.0/,peasap,Bovine Aeronautics.,https://farm7.staticflickr.com/3381/3479233432_256c46410a_o.jpg,https://www.flickr.com/photos/peasap/3479233432
57711acbb13dc757,test,positive,https://creativecommons.org/licenses/by/2.0/,docentjoyce,Pecho Ranch Day 2007,https://farm8.staticflickr.com/1420/773578293_ea8469eb3a_o.jpg,https://www.flickr.com/photos/docentjoyce/773578293/
5dd120b1e38c0919,test,positive,https://creativecommons.org/licenses/by/2.0/,Walter,DSC_6502_pp,https://c2.staticflickr.com/9/8098/8472876598_45c2284fc2_o.jpg,https://www.flickr.com/photos/walterpro/8472876598
5f98a6a9fcb28e04,test,positive,https://creativecommons.org/licenses/by/2.0/,Bud Ellison,The Bull Ride,https://farm5.staticflickr.com/7466/16301801675_88e5598edd_o.jpg,https://www.flickr.com/photos/budellison/16301801675
5fd8e7767e723d54,test,positive,https://creativecommons.org/licenses/by/2.0/,uff-da,bull and fire hydrant,https://farm5.staticflickr.com/47/189835799_82fffe4012_o.jpg,https://www.flickr.com/photos/jonathunder/189835799
62be1fd5efd9fa82,test,positive,https://creativecommons.org/licenses/by/2.0/,marc falardeau,BETTY GRABLE LEGS (at the cne),https://farm3.staticflickr.com/8440/7908169124_7283302d0a_o.jpg,https://www.flickr.com/photos/49889874@N05/7908169124
686a7184b6616e50,test,positive,https://creativecommons.org/licenses/by/2.0/,Cecilia Heinen,IMG_0209,https://farm1.staticflickr.com/3581/3470191535_f2a73e8786_o.jpg,https://www.flickr.com/photos/ceciliaheinen/3470191535
6970e9b6d3ad031f,test,positive,https://creativecommons.org/licenses/by/2.0/,tarrytown,P150611_18.05,https://c8.staticflickr.com/7/6027/5954960680_b857aa4615_o.jpg,https://www.flickr.com/photos/16469953@N00/5954960680
6c31d5bcb959b572,test,positive,https://creativecommons.org/licenses/by/2.0/,Kenneth Baruch,French Cow`,https://farm3.staticflickr.com/54/168352590_815d255475_o.jpg,https://www.flickr.com/photos/69482830@N00/168352590
6e3d4fafb792cbc0,test,positive,https://creativecommons.org/licenses/by/2.0/,rd.,"Hamish the Highland Cow, Scotland",https://farm1.staticflickr.com/4114/4945990868_e14e146b30_o.jpg,https://www.flickr.com/photos/rachaeldamore/4945990868
707200a238efb28c,test,positive,https://creativecommons.org/licenses/by/2.0/,Red Junasun,Highland cattle,https://c5.staticflickr.com/3/2533/3962208864_112245c520_o.jpg,https://www.flickr.com/photos/redjunasun/3962208864
7359d13f1035d53d,test,positive,https://creativecommons.org/licenses/by/2.0/,Janice Waltzer,img975,https://c6.staticflickr.com/8/7208/13868869414_ed86eb8a8b_o.jpg,https://www.flickr.com/photos/pixelpackr/13868869414/
7375f049dee8abf3,test,positive,https://creativecommons.org/licenses/by/2.0/,Martin benavides,El chihuahua,https://farm4.staticflickr.com/2376/2293649448_e25a4e6c7d_o.jpg,https://www.flickr.com/photos/mbenavides/2293649448
791c4a0fb354f2b6,test,positive,https://creativecommons.org/licenses/by/2.0/,Joe Goldberg,Angus cattle contest,https://farm7.staticflickr.com/4092/4986789321_99eff60903_o.jpg,https://www.flickr.com/photos/goldberg/4986789321
7c7653ed45892efc,test,positive,https://creativecommons.org/licenses/by/2.0/,Bud Ellison,Hold On Tight,https://c5.staticflickr.com/9/8582/15783522903_1f17c8141c_o.jpg,https://www.flickr.com/photos/budellison/15783522903
7d41596df966700d,test,positive,https://creativecommons.org/licenses/by/2.0/,Garry Knight,Fringe Benefits,https://c6.staticflickr.com/5/4094/4860112641_ff84a8bb44_o.jpg,https://www.flickr.com/photos/garryknight/4860112641
7e0958fcde715dbe,test,positive,https://creativecommons.org/licenses/by/2.0/,Markus Spiske,bull,https://c7.staticflickr.com/3/2927/14533449446_b44bc59d2b_o.jpg,https://www.flickr.com/photos/markusspiske/14533449446
80cdec2f07849ce7,test,positive,https://creativecommons.org/licenses/by/2.0/,Peter Linehan,P1130268,https://farm8.staticflickr.com/8289/7770865746_14b904bc97_o.jpg,https://www.flickr.com/photos/p_linehan/7770865746
83bde93186601632,test,positive,https://creativecommons.org/licenses/by/2.0/,Richard Stephenson,San-Antonio-Trip-2011--RichardStep-033,https://farm3.staticflickr.com/6031/6339561908_f27cb6f6f7_o.jpg,https://www.flickr.com/photos/richardstep/6339561908
86463a5a7dcb1a69,test,positive,https://creativecommons.org/licenses/by/2.0/,Woody Hibbard,Ft. Worth Cowboy,https://c2.staticflickr.com/6/5319/5915390926_d6aa7fd027_o.jpg,https://www.flickr.com/photos/pamwood707/5915390926
87e1ce5fa3740d9b,test,negative,https://creativecommons.org/licenses/by/2.0/,Richard Elzey,Laying Around,https://c4.staticflickr.com/7/6211/6307524680_48a346b926_o.jpg,https://www.flickr.com/photos/elzey/6307524680
87ea58fb7ed13387,test,positive,https://creativecommons.org/licenses/by/2.0/,S. Rae,Wee Highlander - Rhos Fiddle,https://farm8.staticflickr.com/7645/16806120095_7eca3e14a4_o.jpg,https://www.flickr.com/photos/35142635@N05/16806120095
8d4f224faea5042a,test,positive,https://creativecommons.org/licenses/by/2.0/,Photo and Share CC,"투우, by Nanshil Kwon",https://c3.staticflickr.com/4/3818/11030016493_61196c7815_o.jpg,https://www.flickr.com/photos/cc_photoshare/11030016493
8e192810999ba40f,test,positive,https://creativecommons.org/licenses/by/2.0/,Roderick Eime,DSCF7475 Bull fighter Gene Kellogg,https://c8.staticflickr.com/9/8682/16609315102_31feec8078_o.jpg,https://www.flickr.com/photos/rodeime/16609315102
9033984d077095a0,test,positive,https://creativecommons.org/licenses/by/2.0/,Alden Chadwick,Beast 2,https://farm1.staticflickr.com/4150/5060843577_4516e09af5_o.jpg,https://www.flickr.com/photos/aldenchadwick/5060843577/
9085b1c48bc921ad,test,positive,https://creativecommons.org/licenses/by/2.0/,Louise Python,LP--cute-skittish-bull,https://c6.staticflickr.com/6/5601/15416206647_ddee581804_o.jpg,https://flickr.com/128134424@N04/15416206647
961378a112a51b1e,test,positive,https://creativecommons.org/licenses/by/2.0/,Jeremy Couture,Vache Savoyarde,https://c7.staticflickr.com/5/4069/4359518736_f08c2fc5d0_o.jpg,https://www.flickr.com/photos/jeremy-couture/4359518736
9bf69072f9693c5c,test,positive,https://creativecommons.org/licenses/by/2.0/,Cristian Bortes,Budurleni - Bistrita-Nasaud,https://c5.staticflickr.com/2/1411/5108350158_91c5b16ff2_o.jpg,https://www.flickr.com/photos/bortescristian/5108350158
a1d71f6bc0d051ea,test,negative,https://creativecommons.org/licenses/by/2.0/,Les Chatfield,What is better than one Jack Russell. . .,https://c3.staticflickr.com/3/2464/3801236059_a503ba14c3_o.jpg,https://www.flickr.com/photos/elsie/3801236059
a4c4769740924471,test,positive,https://creativecommons.org/licenses/by/2.0/,Leszek Kozlowski,The Rest,https://farm2.staticflickr.com/116/291820746_e6c07c74a4_o.jpg,https://www.flickr.com/photos/bilk/291820746
a4e8f96810dab5f3,test,positive,https://creativecommons.org/licenses/by/2.0/,Victoria Reay,Friendly cow,https://farm4.staticflickr.com/6164/6195426907_616b5ec79c_o.jpg,https://www.flickr.com/photos/vkreay/6195426907
a91edddd4a19b12d,test,positive,https://creativecommons.org/licenses/by/2.0/,Eirik Newth,"Cow and calf, Utsira",https://c6.staticflickr.com/1/48/140183167_163ea7d5e6_o.jpg,https://www.flickr.com/photos/eiriknewth/140183167
aac27b58ab30ad5e,test,negative,https://creativecommons.org/licenses/by/2.0/,Parker Knight,Sunny Thursday 1,https://c7.staticflickr.com/9/8507/8538038698_e27bc9d4c2_o.jpg,https://www.flickr.com/photos/rocketboom/8538038698
ab0be1741d742eba,test,positive,https://creativecommons.org/licenses/by/2.0/,spiraltri3e,Peniscola 2011,https://c3.staticflickr.com/7/6093/6226803498_55e288b244_o.jpg,https://www.flickr.com/photos/spiral/6226803498
ac64309938699c5f,test,positive,https://creativecommons.org/licenses/by/2.0/,configmanager,rodeo horse,https://c8.staticflickr.com/2/1151/4596938419_92188c2fb8_o.jpg,https://www.flickr.com/photos/configmanager/4596938419/
af71a48fe073a53c,test,positive,https://creativecommons.org/licenses/by/2.0/,Erick LEVASSEUR,160-DSC_0829,https://c5.staticflickr.com/6/5577/15134034936_caf87a15d3_o.jpg,https://www.flickr.com/photos/ericklevasseur/15134034936
b0130d2ec45bb2c9,test,positive,https://creativecommons.org/licenses/by/2.0/,Simmy&#x27;s Photography,Aberdeen Angus Cow,https://c2.staticflickr.com/8/7273/7443048154_500cf6f252_o.jpg,https://www.flickr.com/photos/simmysphotos/7443048154
b3b3b0fda4faaeaf,test,positive,https://creativecommons.org/licenses/by/2.0/,Joe Bielawa,World's Toughest Rodeo -DSC_2358- 2.1..2013,https://c8.staticflickr.com/9/8055/8446255618_74acd3a1c0_o.jpg,https://www.flickr.com/photos/joebielawa/8446255618
bb2245e69317f983,test,negative,https://creativecommons.org/licenses/by/2.0/,Army Medicine,Behavioral health dog,https://farm4.staticflickr.com/6168/6198321156_a44152b8f5_o.jpg,https://www.flickr.com/photos/armymedicine/6198321156
bbf6a05d2985d6cf,test,negative,https://creativecommons.org/licenses/by/2.0/,Scott Schram,Lacy,https://c8.staticflickr.com/3/2316/2242712631_6687cc200e_o.jpg,https://www.flickr.com/photos/schram/2242712631
bc0be3ed17a68aa9,test,negative,https://creativecommons.org/licenses/by/2.0/,MythicSeabass,Boxer Puppy 4,https://c2.staticflickr.com/5/4066/4662963159_c6578e30bd_o.jpg,https://www.flickr.com/photos/mythicseabass/4662963159
c310d709fbef6597,test,positive,https://creativecommons.org/licenses/by/2.0/,Jean,Watusi Cattle,https://farm8.staticflickr.com/3244/2303756084_04e8789623_o.jpg,https://www.flickr.com/photos/7326810@N08/2303756084
c3955eabb2b204ee,test,positive,https://creativecommons.org/licenses/by/2.0/,barockschloss,Mother Cow,https://c7.staticflickr.com/8/7140/7527917130_d13fc3cda3_o.jpg,https://www.flickr.com/photos/barockschloss/7527917130
c3d40b7732cc566b,test,positive,https://creativecommons.org/licenses/by/2.0/,Mirko Tobias Schäfer,Untitled,https://c4.staticflickr.com/9/8677/16044171947_c61dca2058_o.jpg,https://www.flickr.com/photos/gastev/16044171947
c4675c9fec56c88a,test,positive,https://creativecommons.org/licenses/by/2.0/,Neil D&#x27;Cruze,Icelandic Cow,https://c3.staticflickr.com/4/3453/3856672024_85b6eb8ce3_o.jpg,https://www.flickr.com/photos/neil_dcruze/3856672024
cea42081bea3bc7e,test,positive,https://creativecommons.org/licenses/by/2.0/,andy muir,does my bum look big in this?,https://c7.staticflickr.com/4/3440/3710624512_e9fbace916_o.jpg,https://www.flickr.com/photos/37589005@N04/3710624512
d6db7584e8734c0d,test,positive,https://creativecommons.org/licenses/by/2.0/,Jeena Paradies,DSC_0174.jpg,https://c6.staticflickr.com/4/3804/19862502762_df260fce99_o.jpg,https://www.flickr.com/photos/jeena/19862502762
d95cb72e629f07dc,test,positive,https://creativecommons.org/licenses/by/2.0/,Larry Smith,Got an Itch 4-10-15,https://c5.staticflickr.com/9/8809/16912754368_42f3e754ca_o.jpg,https://www.flickr.com/photos/lsmith2010/16912754368
da5c84078829adf0,test,positive,https://creativecommons.org/licenses/by/2.0/,Rusty Clark - On the Air M-F 8am-noon,"Silver Spurs Rodeo, Kenansville  (Olympus)",https://farm1.staticflickr.com/5513/9652419997_d43dfaff3c_o.jpg,https://www.flickr.com/photos/rusty_clark/9652419997
de5598ae93af58ff,test,positive,https://creativecommons.org/licenses/by/2.0/,Paul Hudson,Houston Rodeo and Livestock show,https://c8.staticflickr.com/6/5255/5513481741_cf8057e30d_o.jpg,https://www.flickr.com/photos/pahudson/5513481741
e14f9b3b1fec79ef,test,positive,https://creativecommons.org/licenses/by/2.0/,Menno Abbink,Highland cattle on Isle of Islay,https://c8.staticflickr.com/5/4127/5036793880_1f2c7893bd_o.jpg,https://www.flickr.com/photos/7326811@N05/5036793880
e5531523af677311,test,positive,https://creativecommons.org/licenses/by/2.0/,Nick Jewell,Highland Moo!,https://farm2.staticflickr.com/4137/4945439938_61668601a5_o.jpg,https://www.flickr.com/photos/macjewell/4945439938
e61375bfad18321f,test,negative,https://creativecommons.org/licenses/by/2.0/,Stephan Ridgway,more little friends in the village,https://c8.staticflickr.com/3/2006/2424460301_843719e669_o.jpg,https://www.flickr.com/photos/stephanridgway/2424460301
e8fa96ecb46f5346,test,positive,https://creativecommons.org/licenses/by/2.0/,David Lisbona,Cows on the Carmel,https://farm7.staticflickr.com/192/496538366_5a956a068f_o.jpg,https://www.flickr.com/photos/dlisbona/496538366
ea8a0541518ad2b4,test,positive,https://creativecommons.org/licenses/by/2.0/,Jackie,"Lady, I'm Not a &quot;Nice Cow&quot;.  That's Alot of Bull!",https://farm5.staticflickr.com/181/404038037_fbf9c5edee_o.jpg,https://www.flickr.com/photos/sis/404038037
f36578445371ad52,test,positive,https://creativecommons.org/licenses/by/2.0/,Emran Kassim,The Lembu Susu,https://farm3.staticflickr.com/3633/3367354580_cb0b90bd1b_o.jpg,https://www.flickr.com/photos/emrank/3367354580
f47e4757122337f8,test,positive,https://creativecommons.org/licenses/by/2.0/,Verity Cridland,Highland cow,https://c1.staticflickr.com/4/3439/3727375186_0179e62007_o.jpg,https://www.flickr.com/photos/58789412@N00/3727375186
fd49787466186fb1,test,positive,https://creativecommons.org/licenses/by/2.0/,Ethan Bloch,Stephs pictures 001.jpg,https://farm2.staticflickr.com/2259/1669621972_7d628fcb84_o.jpg,https://www.flickr.com/photos/suzymushu/1669621972
fd58a37fadbad38d,test,positive,https://creativecommons.org/licenses/by/2.0/,ShashiBellamkonda,Montgomery County Agricultural Fair 2008,https://c6.staticflickr.com/4/3114/2750735939_591250df87_o.jpg,https://www.flickr.com/photos/drbeachvacation/2750735939/
001341ae9926808d,train,positive,https://creativecommons.org/licenses/by/2.0/,A.Davey,"La Corrida - Maracay, Venezuela 1964",https://c6.staticflickr.com/3/2412/2249921758_4730f5e10f_o.jpg,https://www.flickr.com/photos/adavey/2249921758
00474165314cd9cf,train,positive,https://creativecommons.org/licenses/by/2.0/,Sam Schmidt,Shocked Cow,https://c8.staticflickr.com/7/6196/6096200108_0b5de32da5_o.jpg,https://www.flickr.com/photos/samschmidt/6096200108
005589a94cadf725,train,positive,https://creativecommons.org/licenses/by/2.0/,Anthony Letmon,The Staring Contest,https://farm6.staticflickr.com/165/393664770_1daf2407df_o.jpg,https://www.flickr.com/photos/anthonyletmon/393664770
022e89969b239b63,train,negative,https://creativecommons.org/licenses/by/2.0/,AHLN,Mumac,https://farm4.staticflickr.com/3086/2787764752_c87521580b_o.jpg,https://www.flickr.com/photos/anijdam/2787764752
02f3bbf1da724ef6,train,positive,https://creativecommons.org/licenses/by/2.0/,kevin ryder,004,https://farm7.staticflickr.com/4089/4831419550_cff0cc2413_o.jpg,https://www.flickr.com/photos/labdog2010/4831419550
046ef288c50e35c9,train,positive,https://creativecommons.org/licenses/by/2.0/,tommy japan,Saigon - Charette de deux boeufs,https://c2.staticflickr.com/6/5472/10849718464_aa162ae413_o.jpg,https://www.flickr.com/photos/97930879@N02/10849718464
0556311d37e3ebd9,train,positive,https://creativecommons.org/licenses/by/2.0/,Dimitris,TOROS,https://c2.staticflickr.com/1/95/231625363_cd5bfb8939_o.jpg,https://www.flickr.com/photos/dimis264/231625363/
05759ff84b21370d,train,positive,https://creativecommons.org/licenses/by/2.0/,Michelle Silva,IMG_1128,https://c6.staticflickr.com/8/7328/16202936719_eff0f6a7da_o.jpg,https://www.flickr.com/photos/michellecsilva/16202936719
0855e6f1b4eb38b6,train,negative,https://creativecommons.org/licenses/by/2.0/,behavior training &amp; coaching,Louie Lewis,https://farm7.staticflickr.com/3569/3657013721_1fcbf8a309_o.jpg,https://www.flickr.com/photos/acmecanine/3657013721/
09130483cc7ef239,train,negative,https://creativecommons.org/licenses/by/2.0/,Michael Gwyther-Jones,NORWAY 2005 334,https://c2.staticflickr.com/3/2362/2302357943_93e86fbecb_o.jpg,https://www.flickr.com/photos/12587661@N06/2302357943/
09e1e2f7bbbb5c03,train,negative,https://creativecommons.org/licenses/by/2.0/,christina rutz,Untitled,https://farm4.staticflickr.com/8079/8294816727_3556143f81_o.jpg,https://www.flickr.com/photos/paparutzi/8294816727
0a0224155926e572,train,positive,https://creativecommons.org/licenses/by/2.0/,Russ Bowling,"Puebla, Mexico",https://farm3.staticflickr.com/3125/2708726602_778efb994b_o.jpg,https://www.flickr.com/photos/robphoto/2708726602
0a8c7bbae99db4df,train,negative,https://creativecommons.org/licenses/by/2.0/,kevincure,"Horse, Cappadocia",https://c8.staticflickr.com/4/3025/3021233559_e92c79dc43_o.jpg,https://www.flickr.com/photos/kevincure/3021233559
0b2154403006f7ec,train,positive,https://creativecommons.org/licenses/by/2.0/,Indi Samarajiva,Untitled,https://c5.staticflickr.com/8/7096/7285490482_a0c67b2fa9_o.jpg,https://www.flickr.com/photos/indi/7285490482
0d20be77c7bb4b7e,train,positive,https://creativecommons.org/licenses/by/2.0/,LASZLO ILYES,That's a Lot of Bull!,https://c7.staticflickr.com/7/6173/6177720036_9ea876b794_o.jpg,https://www.flickr.com/photos/laszlo-photo/6177720036
0e153b5bb0303fb4,train,positive,https://creativecommons.org/licenses/by/2.0/,Robert Sanzalone,Golden Ears Provincial Park 2010,https://farm5.staticflickr.com/4095/4855582013_bd72bb339b_o.jpg,https://www.flickr.com/photos/pacificit/4855582013
10a36a0e29c23c70,train,positive,https://creativecommons.org/licenses/by/2.0/,Mt. Hood Territory,Bull Riding - 184,https://farm1.staticflickr.com/8082/8409026530_49d5b468e7_o.jpg,https://www.flickr.com/photos/mt_hood_territory/8409026530
14e28b8ea5c59032,train,positive,https://creativecommons.org/licenses/by/2.0/,Tim Sheerman-Chase,Young Cow in White Horse Wood Country Park,https://farm3.staticflickr.com/6186/6093109273_5ffff6315e_o.jpg,https://www.flickr.com/photos/tim_uk/6093109273
1506e28a14198d7a,train,positive,https://creativecommons.org/licenses/by/2.0/,Sodanie Chea,Working Cows,https://c3.staticflickr.com/9/8513/8404296798_542dfbca21_o.jpg,https://www.flickr.com/photos/sodaniechea/8404296798
15ad1a8c516ebe5b,train,positive,https://creativecommons.org/licenses/by/2.0/,Courtney &quot;Coco&quot; Mault,Little Tiny Goat,https://c4.staticflickr.com/7/6194/6121581967_9813fa57c7_o.jpg,https://www.flickr.com/photos/contusion/6121581967
16f99168b74cff1a,train,positive,https://creativecommons.org/licenses/by/2.0/,William Gray,IMG_5339.jpg,https://c3.staticflickr.com/6/5604/15623876791_6c06722d90_o.jpg,https://www.flickr.com/photos/wgray/15623876791/
177351a9b4f0356a,train,positive,https://creativecommons.org/licenses/by/2.0/,Björn Láczay,DSCN3249.NRW,https://c3.staticflickr.com/9/8176/7950790414_b067696741_o.jpg,https://www.flickr.com/photos/dustpuppy/7950790414
179c191aac94cdc8,train,positive,https://creativecommons.org/licenses/by/2.0/,David Wilson,20110827 27 Bureau County Fair,https://c1.staticflickr.com/8/7027/6838255155_4d9b1ab3b5_o.jpg,https://www.flickr.com/photos/davidwilson1949/6838255155
1a04c4ed30eee935,train,positive,https://creativecommons.org/licenses/by/2.0/,Bill Morrow,CALF RIDING AT SONOITA,https://farm6.staticflickr.com/5575/14911970769_10323a8802_o.jpg,https://www.flickr.com/photos/billmorrow/14911970769
1b54f10c3b429a41,train,positive,https://creativecommons.org/licenses/by/2.0/,bjoern,"Rodeo in Houston, March 2013",https://farm2.staticflickr.com/8505/8589444681_11f5ee9bdc_o.jpg,https://www.flickr.com/photos/bjoern/8589444681
1bfd365238e1fedd,train,positive,https://creativecommons.org/licenses/by/2.0/,Dominic Alves,Traditional Breed of Cattle,https://c6.staticflickr.com/6/5166/5323334659_38f0d89d64_o.jpg,https://www.flickr.com/photos/dominicspics/5323334659
1bff8f72211a9c0f,train,positive,https://creativecommons.org/licenses/by/2.0/,Commodore Gandalf Cunningham,Toronto Zoo - Gaur,https://c8.staticflickr.com/6/5287/5295578998_e3cff7e07a_o.jpg,https://www.flickr.com/photos/gandalfcunningham/5295578998
1dde631324a6d329,train,positive,https://creativecommons.org/licenses/by/2.0/,TheAnimalDay.org,JALX12X01-PLAZA DE TOROS LEGANES - REJONADA - 2010-08-18_DSF1010,https://c2.staticflickr.com/8/7065/7138548495_86204b9937_o.jpg,https://www.flickr.com/photos/theanimalday/7138548495
1ded8e6b919074f0,train,positive,https://creativecommons.org/licenses/by/2.0/,Kyle MacKenzie,Dirty Winter Coat,https://farm1.staticflickr.com/3378/3303076200_6c16982767_o.jpg,https://www.flickr.com/photos/kylemackenzie/3303076200
1ecdfb08fe7878e2,train,negative,https://creativecommons.org/licenses/by/2.0/,Canine To Five,DSCF5056,https://farm3.staticflickr.com/7482/15304078943_fc84d12ded_o.jpg,https://www.flickr.com/photos/9334511@N06/15304078943
1f286c4bb30960f5,train,positive,https://creativecommons.org/licenses/by/2.0/,ckramer,DSC_1806,https://farm6.staticflickr.com/2472/3981552153_5f0b21b71f_o.jpg,https://www.flickr.com/photos/ckramer/3981552153
210734f80256d6a4,train,positive,https://creativecommons.org/licenses/by/2.0/,Arran Moffat,Heeland Coo,https://farm5.staticflickr.com/5089/5204651805_8ff9a66109_o.jpg,https://www.flickr.com/photos/arran_moffat/5204651805
2199323261203b79,train,negative,https://creativecommons.org/licenses/by/2.0/,fugzu,giochi in cucina con la mamma,https://c2.staticflickr.com/6/5475/12285566064_ff1543918b_o.jpg,https://www.flickr.com/photos/70253321@N00/12285566064
220effd28096ff0f,train,positive,https://creativecommons.org/licenses/by/2.0/,L Church,Ox,https://c8.staticflickr.com/4/3110/2748238529_2e0cab2bd9_o.jpg,https://www.flickr.com/photos/29412527@N04/2748238529
2259b0bda0cb792e,train,positive,https://creativecommons.org/licenses/by/2.0/,Corey Theiss,0128,https://c7.staticflickr.com/1/16/21098303_8ac971884f_o.jpg,https://www.flickr.com/photos/ctheiss/21098303
23957626ccae0c1d,train,positive,https://creativecommons.org/licenses/by/2.0/,Erik Söderström,Cow / Ko 3 #photog,https://c6.staticflickr.com/4/3485/3817233859_d8dbedeb99_o.jpg,https://www.flickr.com/photos/mescon/3817233859
2400a8b66e63b90d,train,positive,https://creativecommons.org/licenses/by/2.0/,certified su,brahman,https://c6.staticflickr.com/4/3282/3023937784_3514489872_o.jpg,https://www.flickr.com/photos/certified_su/3023937784
245458df2777df9d,train,positive,https://creativecommons.org/licenses/by/2.0/,diosthenese,smC01977a,https://c6.staticflickr.com/3/2113/2401530552_d6455e9f64_o.jpg,https://www.flickr.com/photos/25048019@N03/2401530552
249c7ead57a65640,train,positive,https://creativecommons.org/licenses/by/2.0/,Theodore Scott,"Bullfight in Seville, Spain",https://farm1.staticflickr.com/3106/3123769946_f5a21d262a_o.jpg,https://www.flickr.com/photos/theodorescott/3123769946
24e64037f5e8ebcf,train,negative,https://creativecommons.org/licenses/by/2.0/,John Nuttall,Odin.1,https://c8.staticflickr.com/4/3671/9166768224_a03581208a_o.jpg,https://www.flickr.com/photos/16822508@N05/9166768224/
24ef2da760e32fb2,train,positive,https://creativecommons.org/licenses/by/2.0/,Luca Venturelli,Scotlan LD - 118.jpg,https://farm3.staticflickr.com/155/346444608_50468bf091_o.jpg,https://www.flickr.com/photos/luca-cristina/346444608
25a0c0e84422bae2,train,positive,https://creativecommons.org/licenses/by/2.0/,U.S. Department of Agriculture,k5685-1,https://farm3.staticflickr.com/8503/8433750688_d85735e0a3_o.jpg,https://www.flickr.com/photos/usdagov/8433750688
27da2fd0e1483088,train,positive,https://creativecommons.org/licenses/by/2.0/,Nicolai Bangsgaard,It's mango time!,https://c1.staticflickr.com/1/180/443126505_b63c0240f6_o.jpg,https://www.flickr.com/photos/martinamor/443126505
27f6112d6d25196d,train,positive,https://creativecommons.org/licenses/by/2.0/,Brian Gratwicke,"Bull Riding, Jackson Hole Rodeo",https://c6.staticflickr.com/9/8303/7848258448_d5e29a2485_o.jpg,https://www.flickr.com/photos/briangratwicke/7848258448
28c76d0a7af641d1,train,positive,https://creativecommons.org/licenses/by/2.0/,Patrick,Cape Cod Stampede 2010,https://farm2.staticflickr.com/4098/4895804098_3716086f30_o.jpg,https://www.flickr.com/photos/pdbreen/4895804098
2944d6e19c7dbe19,train,positive,https://creativecommons.org/licenses/by/2.0/,jeffschuler,DSCN0027.JPG,https://c2.staticflickr.com/1/249/446648075_62a052905b_o.jpg,https://www.flickr.com/photos/jeffschuler/446648075
2e04c4e19ef9f3f9,train,negative,https://creativecommons.org/licenses/by/2.0/,John Greenfield,Untitled,https://c2.staticflickr.com/9/8665/16089140988_7e17457d0b_o.jpg,https://www.flickr.com/photos/24858199@N00/16089140988
2e548b13352f4127,train,positive,https://creativecommons.org/licenses/by/2.0/,Rodolfo Magalhaes,Não olhar para o seu próprio rabo...,https://farm8.staticflickr.com/3185/2327643549_9756d22b54_o.jpg,https://www.flickr.com/photos/rodolfomagalhaes/2327643549
2ef8117c2042c5c3,train,positive,https://creativecommons.org/licenses/by/2.0/,Joe Bielawa,DSC_0364,https://farm4.staticflickr.com/2572/3921985558_d16bc9ce53_o.jpg,https://www.flickr.com/photos/joebielawa/3921985558
307e507a1827d301,train,positive,https://creativecommons.org/licenses/by/2.0/,Dave Hogg,Bucking Bull,https://farm2.staticflickr.com/195/459516886_0d5300c057_o.jpg,https://www.flickr.com/photos/davehogg/459516886
30e9866cddac9ab1,train,positive,https://creativecommons.org/licenses/by/2.0/,Caleb Johnson,Cow Before the Storm,https://farm2.staticflickr.com/8714/16458029304_49f9d0c7af_o.jpg,https://www.flickr.com/photos/calebleejohnson/16458029304
31704c4bf3f82eae,train,positive,https://creativecommons.org/licenses/by/2.0/,Afifi Abdul Latiff,Burger,https://c7.staticflickr.com/9/8480/8192577793_f70b61f960_o.jpg,https://www.flickr.com/photos/fotocentesis/8192577793
31c66704f5623e96,train,positive,https://creativecommons.org/licenses/by/2.0/,The U.S. Army,Untitled-1_5.jpg,https://farm7.staticflickr.com/2239/2175452557_fefa53fc21_o.jpg,https://www.flickr.com/photos/soldiersmediacenter/2175452557
32d3aa0208fad7cb,train,negative,https://creativecommons.org/licenses/by/2.0/,velcrodobes,"Yes, I'm quite Awake!",https://c4.staticflickr.com/1/86/249455280_3b90b33f2e_o.jpg,https://www.flickr.com/photos/velcrodobes/249455280
33fc9f0f76aeff22,train,positive,https://creativecommons.org/licenses/by/2.0/,Manu Manohar,Jallikattu is based on the simple concept of flight or fight or sometimes freeze,https://farm3.staticflickr.com/5125/5366082001_9b1e143493_o.jpg,https://www.flickr.com/photos/memyselfmanu/5366082001
39969240ced50cbe,train,positive,https://creativecommons.org/licenses/by/2.0/,Michael Eisenriegler,Cow Outside of the &quot;900 Years of Karmapa&quot;-Celebration,https://c7.staticflickr.com/6/5003/5348644330_8381b94b80_o.jpg,https://www.flickr.com/photos/mikeemesser/5348644330
3d20ed4e0a748d00,train,positive,https://creativecommons.org/licenses/by/2.0/,oldscratchmax,"curly coo, Achleanan",https://farm1.staticflickr.com/3544/3863030766_0c799fa4c7_o.jpg,https://www.flickr.com/photos/29986007@N08/3863030766
3d92cd804b358a74,train,positive,https://creativecommons.org/licenses/by/2.0/,Steven Jackson,IMG_7663,https://farm5.staticflickr.com/1095/4726210490_d68b88119d_o.jpg,https://www.flickr.com/photos/jackson3/4726210490
3d9fbba086653aa5,train,positive,https://creativecommons.org/licenses/by/2.0/,Tiago Lima,Ouch!,https://farm6.staticflickr.com/7239/7162731619_c5dcb7b2ac_o.jpg,https://www.flickr.com/photos/tclima/7162731619
3e7d4f598d539875,train,positive,https://creativecommons.org/licenses/by/2.0/,jeffschuler,DSCN0028.JPG,https://farm6.staticflickr.com/240/446648111_1a83af163c_o.jpg,https://www.flickr.com/photos/jeffschuler/446648111
3ef83fdb8602626c,train,positive,https://creativecommons.org/licenses/by/2.0/,Pedro Plassen Lopes,Moo,https://c5.staticflickr.com/1/30/50560947_179a4c1c45_o.jpg,https://www.flickr.com/photos/plassen/50560947
3fe1cc342fbea9c6,train,positive,https://creativecommons.org/licenses/by/2.0/,David DeHetre,surprise,https://farm7.staticflickr.com/4056/4463070273_0914ee4a90_o.jpg,https://www.flickr.com/photos/davedehetre/4463070273
405bd80086a4588d,train,negative,https://creativecommons.org/licenses/by/2.0/,VideoFrog,My Friend Famous,https://c6.staticflickr.com/1/24/54034459_7f925032d3_o.jpg,https://www.flickr.com/photos/videofrog/54034459
40cb6009487b11fd,train,positive,https://creativecommons.org/licenses/by/2.0/,Thomas Bresson,Bos taurus,https://c6.staticflickr.com/7/6131/6001137799_e7a0537ba2_o.jpg,https://www.flickr.com/photos/computerhotline/6001137799
41030c5ad4da8e32,train,positive,https://creativecommons.org/licenses/by/2.0/,Tilly Blye,"hey, it's hard work",https://farm3.staticflickr.com/1/524253_561e12a565_o.jpg,https://www.flickr.com/photos/tillyblye/524253
4364d63e316e6ae5,train,positive,https://creativecommons.org/licenses/by/2.0/,Ian....See,White Calf,https://farm6.staticflickr.com/3178/4562475903_875fb96231_o.jpg,https://www.flickr.com/photos/colstie/4562475903
4551449356e928d5,train,positive,https://creativecommons.org/licenses/by/2.0/,Bart van Dorp,West Highland Way 2015,https://farm6.staticflickr.com/7644/16933747419_4d862001ee_o.jpg,https://www.flickr.com/photos/bartvandorp/16933747419
461a6ab2f1476950,train,negative,https://creativecommons.org/licenses/by/2.0/,Heikki Siltala,MEGA1587,https://farm1.staticflickr.com/7281/9555701610_f50d69be78_o.jpg,https://www.flickr.com/photos/heikkisiltala/9555701610
46caf66f26dbca3d,train,positive,https://creativecommons.org/licenses/by/2.0/,Erik Charlton,Almost got her...,https://c6.staticflickr.com/4/3016/5851835830_17cf83dc33_o.jpg,https://www.flickr.com/photos/erikcharlton/5851835830
471337eb334dd3d0,train,positive,https://creativecommons.org/licenses/by/2.0/,Christopher Selac,Le saut de l'ange,https://farm1.staticflickr.com/4085/5192631532_5c0379dc08_o.jpg,https://www.flickr.com/photos/christopher_selac/5192631532
47454128238f03b9,train,negative,https://creativecommons.org/licenses/by/2.0/,Rusty Clark - On the Air M-F 8am-noon,Barley the Bulldog,https://c2.staticflickr.com/9/8104/8495381467_d8ec5a5946_o.jpg,https://www.flickr.com/photos/rusty_clark/8495381467
493adb5d89a3e219,train,negative,https://creativecommons.org/licenses/by/2.0/,Shane Becker,"Civ under the clothesline in the backyard at the Farmhouse in Hollywood, CA",https://c2.staticflickr.com/7/6075/6143372182_670a33f3f9_o.jpg,https://www.flickr.com/photos/veganstraightedge/6143372182
495161382befbbcb,train,positive,https://creativecommons.org/licenses/by/2.0/,TKnoxB,Lagos Bullfight,https://c4.staticflickr.com/1/47/116769390_81ccf37803_o.jpg,https://www.flickr.com/photos/tkb/116769390
4962341a34680e59,train,positive,https://creativecommons.org/licenses/by/2.0/,Roderick Eime,CFD Bull with Purple Chaps,https://c2.staticflickr.com/9/8594/16616765425_aefcabf9cf_o.jpg,https://www.flickr.com/photos/rodeime/16616765425
4a426770f515d6a2,train,positive,https://creativecommons.org/licenses/by/2.0/,gehwissenlos,Cow,https://farm3.staticflickr.com/303/19581017933_750c7a9f62_o.jpg,https://www.flickr.com/photos/gehwissenlos/19581017933
4b4e13563b6e6af0,train,positive,https://creativecommons.org/licenses/by/2.0/,Mr Thinktank,SDC15566,https://farm1.staticflickr.com/4015/4695001339_d2dbbc8218_o.jpg,https://www.flickr.com/photos/tahini/4695001339
4baf8cd98faba289,train,positive,https://creativecommons.org/licenses/by/2.0/,trialsanderrors,"Corrida de Toros, Barcelona, Catalonia, Spain, ca. 1897",https://c2.staticflickr.com/4/3002/2814274154_34ef102d6e_o.jpg,https://www.flickr.com/photos/trialsanderrors/2814274154
4c1b97ed3b07be7e,train,positive,https://creativecommons.org/licenses/by/2.0/,Monica Arellano-Ongpin,Being given a bath,https://c7.staticflickr.com/4/3273/2613278180_51507b7fab_o.jpg,https://www.flickr.com/photos/maong/2613278180
4c49b7869de54d32,train,positive,https://creativecommons.org/licenses/by/2.0/,MIke Kline,9.5 Seconds!,https://farm3.staticflickr.com/2255/2300313090_646c08a9bf_o.jpg,https://www.flickr.com/photos/mikekline/2300313090
4d211ac255f269a6,train,positive,https://creativecommons.org/licenses/by/2.0/,Alberto Cabello,Volando sobre el peligro,https://farm7.staticflickr.com/4143/4941269982_b45a08dc65_o.jpg,https://www.flickr.com/photos/pixelillo/4941269982
4f217eee30c07d91,train,positive,https://creativecommons.org/licenses/by/2.0/,agriflanders,2679,https://farm2.staticflickr.com/7445/16401119151_67339ce948_o.jpg,https://www.flickr.com/photos/agriflanders/16401119151
4f25c5dd6bd91d1b,train,positive,https://creativecommons.org/licenses/by/2.0/,Courtney McCutchen,San Angelo Cattle,https://c4.staticflickr.com/9/8529/8472061340_a79c3a0ccf_o.jpg,https://www.flickr.com/photos/san-angelo-insurance/8472061340
505ccff90e56cdf6,train,positive,https://creativecommons.org/licenses/by/2.0/,Jason Crotty,No. 408,https://farm7.staticflickr.com/6232/6357120985_1f09d011a3_o.jpg,https://www.flickr.com/photos/46789814@N05/6357120985
50854d33809a228e,train,negative,https://creativecommons.org/licenses/by/2.0/,Mats Lindh,Best Lamb Ever,https://c7.staticflickr.com/2/1053/878569964_1d0c978c6e_o.jpg,https://www.flickr.com/photos/fiskfisk/878569964
5090acd79151e5d2,train,positive,https://creativecommons.org/licenses/by/2.0/,Travis,Wahine_Breakaway_9,https://farm3.staticflickr.com/7274/7525663416_2af201c630_o.jpg,https://www.flickr.com/photos/variationblogr/7525663416
513a11ee2d82e5d0,train,positive,https://creativecommons.org/licenses/by/2.0/,A.Davey,"La Corrida - Maracay, Venezuela 1964",https://farm1.staticflickr.com/2014/2249136597_6da9dde225_o.jpg,https://www.flickr.com/photos/adavey/2249136597
51b1d473e22baa22,train,positive,https://creativecommons.org/licenses/by/2.0/,Roman Boed,Untitled,https://farm3.staticflickr.com/8072/8367624711_00ea4d83ed_o.jpg,https://www.flickr.com/photos/romanboed/8367624711
535e2ee3a70f19ca,train,positive,https://creativecommons.org/licenses/by/2.0/,amateur photography by michel,Highland Cattle,https://c3.staticflickr.com/8/7491/15953461160_f9bf362b50_o.jpg,https://www.flickr.com/photos/119886413@N05/15953461160
54c8cfbca2fcaba1,train,positive,https://creativecommons.org/licenses/by/2.0/,fidber,Salon de l'agriculture...Prêtes pour le concours,https://farm2.staticflickr.com/2191/12965718105_e328d12600_o.jpg,https://www.flickr.com/photos/metay/12965718105
54d1938b52d58f5d,train,positive,https://creativecommons.org/licenses/by/2.0/,Polgooth Inn,Polgooth_010811_sb46,https://c6.staticflickr.com/7/6191/6055977578_8a03c361ef_o.jpg,https://www.flickr.com/photos/polgoothinn/6055977578
551c13595d987201,train,positive,https://creativecommons.org/licenses/by/2.0/,Marco Raaphorst,Hooglanders (1),https://farm2.staticflickr.com/2862/9697636869_56ce74a16d_o.jpg,https://www.flickr.com/photos/raaphorst/9697636869
553a103ab71e5ae0,train,positive,https://creativecommons.org/licenses/by/2.0/,Ben Aston,matador 0 - bull 0,https://farm1.staticflickr.com/1241/1419396617_90c669d37d_o.jpg,https://www.flickr.com/58085844@N00/1419396617/
5648bde7fdfd9766,train,positive,https://creativecommons.org/licenses/by/2.0/,Caroline,Untitled,https://farm7.staticflickr.com/6056/6346310455_47a8cb3d2a_o.jpg,https://www.flickr.com/photos/hills_alive/6346310455
571b5eecff5600dc,train,positive,https://creativecommons.org/licenses/by/2.0/,Jacob Bøtter,Bull relaxing at Ekkodalen,https://c5.staticflickr.com/1/21/27790888_d2d87995a4_o.jpg,https://www.flickr.com/photos/jakecaptive/27790888
57f06d0f4217e496,train,positive,https://creativecommons.org/licenses/by/2.0/,"Turol Jones, un artista de cojones",Teruel  Vaquilla Teruel 2014 00029.jpg,https://farm7.staticflickr.com/5556/14937534322_601d07c376_o.jpg,https://www.flickr.com/photos/10352740@N03/14937534322
5810024768221bb4,train,positive,https://creativecommons.org/licenses/by/2.0/,Hey Paul Studios,Untitled,https://farm5.staticflickr.com/5096/5481758199_435806a0e2_o.jpg,https://www.flickr.com/photos/hey__paul/5481758199
58163a9942a9d221,train,positive,https://creativecommons.org/licenses/by/2.0/,CHRIS DRUMM,pink floyd- atom heart mother,https://farm2.staticflickr.com/7083/7388643478_1a07a0181f_o.jpg,https://www.flickr.com/photos/cdrummbks/7388643478
5adf56679c685e8d,train,negative,https://creativecommons.org/licenses/by/2.0/,Alejandro Rojas,Pikachu,https://c6.staticflickr.com/6/5250/5356474068_3d0eca3fae_o.jpg,https://www.flickr.com/photos/alebuddha/5356474068
5b037fc9857cae49,train,positive,https://creativecommons.org/licenses/by/2.0/,Alagoas Colaborativo,Seu Francisco tirando leite da vaca,https://c2.staticflickr.com/5/4049/5129790503_f935f937dd_o.jpg,https://www.flickr.com/photos/alagoascolaborativo/5129790503
5b3b6b3de18f6726,train,positive,https://creativecommons.org/licenses/by/2.0/,khaled  abdelmoumen,gros plan,https://farm7.staticflickr.com/3288/2716708841_bd5bcacc01_o.jpg,https://www.flickr.com/photos/rais58/2716708841
5b93d697b4ea22f6,train,negative,https://creativecommons.org/licenses/by/2.0/,A.Davey,Greased Lightning!,https://farm7.staticflickr.com/3526/3251288816_f5024faf8d_o.jpg,https://www.flickr.com/photos/adavey/3251288816
5bd9deffc58921be,train,positive,https://creativecommons.org/licenses/by/2.0/,Vladimir Terán Altamirano,Picador Diego Ortiz en Lima,https://c7.staticflickr.com/9/8338/8250613681_daf1625dc6_o.jpg,https://www.flickr.com/photos/vladimirteran/8250613681
5fd9eddcfc084859,train,positive,https://creativecommons.org/licenses/by/2.0/,zenjiro,牛,https://c2.staticflickr.com/7/6017/5968422501_78f8556d51_o.jpg,https://www.flickr.com/photos/zenjiro/5968422501
628c2b7421525cd2,train,positive,https://creativecommons.org/licenses/by/2.0/,Guzmán Lozano,Valor y al toro,https://farm3.staticflickr.com/2439/5713653823_a6940dfb57_o.jpg,https://www.flickr.com/photos/pictfactory/5713653823
635934d669e4a31f,train,positive,https://creativecommons.org/licenses/by/2.0/,Geoffrey Rhodes,Noccundra Campdraft & Rodeo,https://c8.staticflickr.com/8/7435/10641783066_b5b556aabc_o.jpg,https://www.flickr.com/photos/20940650@N07/10641783066
6406e3baa385fad3,train,positive,https://creativecommons.org/licenses/by/2.0/,Vladimir Terán Altamirano,Picador José Aguado en Lima,https://farm4.staticflickr.com/8346/8190309332_c6ed98ec3a_o.jpg,https://www.flickr.com/photos/vladimirteran/8190309332
643de553bdb1b209,train,positive,https://creativecommons.org/licenses/by/2.0/,Susan,calf,https://c2.staticflickr.com/9/8450/8032479434_ce5c0dfa03_o.jpg,https://www.flickr.com/photos/susan_montgomery/8032479434/
6446325073d9c356,train,positive,https://creativecommons.org/licenses/by/2.0/,kevincure,"Angry Cow, Slovenia",https://farm7.staticflickr.com/3023/2893441048_2a71c6aa19_o.jpg,https://www.flickr.com/photos/kevincure/2893441048
647c66d2aab6467f,train,positive,https://creativecommons.org/licenses/by/2.0/,Mike Tungate,PBR at the PIT 10,https://c8.staticflickr.com/3/2746/4465890825_2310a75707_o.jpg,https://www.flickr.com/photos/mtungate/4465890825
64b0e4fb38df21b8,train,positive,https://creativecommons.org/licenses/by/2.0/,*pascal*,Jeunesse dorée,https://c1.staticflickr.com/1/113/295464206_0bd4618e0b_o.jpg,https://www.flickr.com/photos/pascal-blachier/295464206
6cf42e1eff41dd3d,train,positive,https://creativecommons.org/licenses/by/2.0/,www.tommasosanguigni.it,"Il torero nell'arena, Corrida di Barcellona",https://c6.staticflickr.com/4/3312/3519451600_cee329a432_o.jpg,https://www.flickr.com/photos/38313855@N08/3519451600
6e7fbb17c2aeadbb,train,positive,https://creativecommons.org/licenses/by/2.0/,Evonne,Mother and Daughter,https://c4.staticflickr.com/8/7351/9140498664_871196dc69_o.jpg,https://www.flickr.com/photos/evoo73/9140498664
6f169b51af7c8bd5,train,negative,https://creativecommons.org/licenses/by/2.0/,Harold Meerveld,1J4Q4995,https://farm6.staticflickr.com/8617/16628243589_2b6e98a6c9_o.jpg,https://www.flickr.com/photos/haroldmeerveld/16628243589
6f6a3502764f8ca2,train,positive,https://creativecommons.org/licenses/by/2.0/,johnc24,Bulls,https://farm3.staticflickr.com/3155/3039673804_f5f83d3d8c_o.jpg,https://www.flickr.com/photos/johnc24/3039673804
705a892a2cf9c03f,train,negative,https://creativecommons.org/licenses/by/2.0/,Whit Andrews,You Said You Was High Class,https://c8.staticflickr.com/8/7331/9130537085_bfa5d7a324_o.jpg,https://www.flickr.com/photos/whita/9130537085
7080a0e4bcf2c84a,train,positive,https://creativecommons.org/licenses/by/2.0/,Bridget H,Untitled,https://c3.staticflickr.com/3/2554/4136895709_fc4d01ef80_o.jpg,https://www.flickr.com/photos/skutchb/4136895709
71cde9c771a2aabb,train,positive,https://creativecommons.org/licenses/by/2.0/,&quot;G&quot; jewels g is for grandma,One mad bull,https://c4.staticflickr.com/3/2254/2540680618_4464df4665_o.jpg,https://www.flickr.com/photos/g_jewels/2540680618/
72edff6d076e7cbd,train,positive,https://creativecommons.org/licenses/by/2.0/,FolsomNatural,"Rodeo 62 Folsom, CA",https://c6.staticflickr.com/4/3921/14576415351_585f1c7911_o.jpg,https://www.flickr.com/photos/87249144@N08/14576415351
73aa6ef6638f8425,train,positive,https://creativecommons.org/licenses/by/2.0/,FotoGuy 49057,Split Personality,https://farm6.staticflickr.com/7481/16285940091_faa98c4c83_o.jpg,https://flickr.com/28682774@N00/16285940091
743a675fcb61095b,train,positive,https://creativecommons.org/licenses/by/2.0/,Andy Bullock,IMG_2780,https://c4.staticflickr.com/4/3075/2814860138_d89eb89e76_o.jpg,https://www.flickr.com/photos/andybullock77/2814860138
743cf00fda5a6618,train,positive,https://creativecommons.org/licenses/by/2.0/,Rachel Kelso,jersey kid,https://c1.staticflickr.com/1/28/41909725_038fdca94f_o.jpg,https://www.flickr.com/photos/99841029@N00/41909725
74aa413e84cc47d7,train,positive,https://creativecommons.org/licenses/by/2.0/,Virginie Moerenhout,Animal Farm: Cow,https://farm8.staticflickr.com/4021/4465440330_607d0554f5_o.jpg,https://www.flickr.com/photos/yndra/4465440330
781a5841a341f2fc,train,positive,https://creativecommons.org/licenses/by/2.0/,Andrea Schaffer,Mount Aspiring National Park,https://c5.staticflickr.com/9/8535/8631582340_5921b6edcc_o.jpg,https://www.flickr.com/photos/aschaf/8631582340
781d2c76422dde33,train,positive,https://creativecommons.org/licenses/by/2.0/,Becks,Dancing Cow,https://farm4.staticflickr.com/6205/6113266554_519df8f2a9_o.jpg,https://www.flickr.com/photos/littlemisspurps/6113266554
7836e79ccd8a924a,train,positive,https://creativecommons.org/licenses/by/2.0/,Larry Jacobsen,Cheyenne Frontier Days Rodeo Bulls,https://c3.staticflickr.com/2/1157/923614871_43b73bbfb9_o.jpg,https://www.flickr.com/photos/ljguitar/923614871
78b8edc800fab6e3,train,positive,https://creativecommons.org/licenses/by/2.0/,Steven Jackson,IMG_7657,https://farm4.staticflickr.com/1032/4726246936_7fcbde9f7c_o.jpg,https://www.flickr.com/photos/jackson3/4726246936
7910decdd5e92a8c,train,positive,https://creativecommons.org/licenses/by/2.0/,dfbphotos,Malibu Ranch Rodeo,https://c5.staticflickr.com/9/8161/7582587548_ff5121b6c3_o.jpg,https://www.flickr.com/photos/dfb_photos/7582587548
799e2e9118c6ec75,train,positive,https://creativecommons.org/licenses/by/2.0/,Emilio Labrador,Charging Bull,https://farm6.staticflickr.com/2594/3802377503_32dddef814_o.jpg,https://www.flickr.com/photos/3059349393/3802377503
79a633f1b367125f,train,positive,https://creativecommons.org/licenses/by/2.0/,Patrick,Champlain Valley Fair - 2009,https://c8.staticflickr.com/3/2601/3872670704_914f992f75_o.jpg,https://www.flickr.com/photos/pdbreen/3872670704
7a7ec4085bcb9fd8,train,positive,https://creativecommons.org/licenses/by/2.0/,Nathan Hughes Hamilton,"Palo Alto, 1956",https://c1.staticflickr.com/5/4040/4527420600_ab2f63b171_o.jpg,https://www.flickr.com/photos/nat507/4527420600
7a8d547d86093816,train,positive,https://creativecommons.org/licenses/by/2.0/,Bryce Edwards,Going Down,https://farm7.staticflickr.com/3215/2404426099_17a9810ec6_o.jpg,https://www.flickr.com/photos/bryce_edwards/2404426099/
7acd537899757296,train,positive,https://creativecommons.org/licenses/by/2.0/,Francisco Gonzalez,Picador en acción,https://farm7.staticflickr.com/6212/6276802151_80632f7fec_o.jpg,https://www.flickr.com/photos/franciscojgonzalez/6276802151/
7b1778bedfccaec1,train,positive,https://creativecommons.org/licenses/by/2.0/,Marc Dalmulder,2011_08_27_0908 (1024x683),https://farm2.staticflickr.com/6090/6085169250_12a493699b_o.jpg,https://www.flickr.com/photos/mdalmuld/6085169250/
7baa166f67a3a475,train,positive,https://creativecommons.org/licenses/by/2.0/,_ Kripptic,"A year ago, Padilla had his eye gouged out by a bull. Now he does it with an eyepatch and the crowd throws pirate flags",https://farm6.staticflickr.com/8219/8280501002_ee1801b13c_o.jpg,https://www.flickr.com/photos/kripptic/8280501002
7d4aa6396d40996b,train,positive,https://creativecommons.org/licenses/by/2.0/,Lali Masriera,ash:season,https://c4.staticflickr.com/1/164/351400235_2620735fd9_o.jpg,https://www.flickr.com/photos/visualpanic/351400235
7f67f6051d99b447,train,positive,https://creativecommons.org/licenses/by/2.0/,Miltos Gikas,Holy cow,https://farm8.staticflickr.com/2195/2450409964_fa9a26ef3b_o.jpg,https://www.flickr.com/photos/aries_tottle/2450409964
8231cd6ada6f0cd1,train,positive,https://creativecommons.org/licenses/by/2.0/,nadia &amp; massimo,battaglia delle regine valle d'aosta,https://farm2.staticflickr.com/3279/2761037530_1d7e216dba_o.jpg,https://www.flickr.com/photos/24641143@N03/2761037530
82491249a052c78a,train,positive,https://creativecommons.org/licenses/by/2.0/,Donald Judge,31.10.14 Lake District Round Trip 145,https://c3.staticflickr.com/6/5604/15506006589_4d1cabbcf6_o.jpg,https://www.flickr.com/photos/donaldjudge/15506006589
84e2af250761d159,train,positive,https://creativecommons.org/licenses/by/2.0/,Erik Charlton,One Angry Bull,https://c2.staticflickr.com/4/3091/5851338693_9899aa2247_o.jpg,https://www.flickr.com/photos/erikcharlton/5851338693
85e93a9c61f4e7f7,train,positive,https://creativecommons.org/licenses/by/2.0/,Bob n Renee,San Mateo County Fair 2011,https://farm8.staticflickr.com/5309/5838017176_61cbb7ef2c_o.jpg,https://www.flickr.com/photos/bobnrenee/5838017176
86401ad43b4f7652,train,positive,https://creativecommons.org/licenses/by/2.0/,Bud Ellison,Jineteo de Toro - Successful Ride II,https://farm3.staticflickr.com/538/20149513691_bbb46fe0db_o.jpg,https://www.flickr.com/photos/budellison/20149513691
8691583b1247e6e8,train,positive,https://creativecommons.org/licenses/by/2.0/,Pedro  Semitiel,En el tercio de banderillas,https://c1.staticflickr.com/9/8437/7834349650_9d6c70d1ea_o.jpg,https://www.flickr.com/photos/55773111@N03/7834349650
87aab3b88de698f3,train,positive,https://creativecommons.org/licenses/by/2.0/,Phalinn Ooi,Qurban 2012,https://farm4.staticflickr.com/8056/8131347404_ed378216e2_o.jpg,https://www.flickr.com/photos/phalinn/8131347404
88d182b67077ff13,train,positive,https://creativecommons.org/licenses/by/2.0/,David A,IMG_0167,https://farm4.staticflickr.com/44/158734066_ac3276e130_o.jpg,https://www.flickr.com/photos/creightonzomg/158734066
8946e4b6f78cbc6b,train,positive,https://creativecommons.org/licenses/by/2.0/,Jose Mesa,SDC10910,https://c4.staticflickr.com/9/8177/8055483885_a4547cd266_o.jpg,https://www.flickr.com/photos/liferfe/8055483885/
8afe6fc847bb7067,train,positive,https://creativecommons.org/licenses/by/2.0/,Nick Black,El Handi tames the bull,https://farm8.staticflickr.com/1292/1286529861_feb1383529_o.jpg,https://www.flickr.com/photos/nick_bl/1286529861
8c2905d5881ac303,train,positive,https://creativecommons.org/licenses/by/2.0/,Ben Aston,knight in action,https://farm4.staticflickr.com/1148/1419397007_763dd5f92f_o.jpg,https://www.flickr.com/photos/benaston/1419397007
8c389a609028f1e0,train,positive,https://creativecommons.org/licenses/by/2.0/,amateur photography by michel,Untitled,https://farm1.staticflickr.com/7472/15499928589_949ff75b3e_o.jpg,https://www.flickr.com/photos/119886413@N05/15499928589
8cbdd6c3b7c74b41,train,negative,https://creativecommons.org/licenses/by/2.0/,Kelly Hunter,My photography apprentice,https://farm2.staticflickr.com/6178/6155185466_0806b76578_o.jpg,https://www.flickr.com/photos/inspirekelly/6155185466
8dbcbd362524049b,train,negative,https://creativecommons.org/licenses/by/2.0/,Sheri Terris,Noid @ Attention,https://c4.staticflickr.com/4/3340/3569682967_b2368e5ae1_o.jpg,https://www.flickr.com/photos/crestedcrazy/3569682967
8dca95dc20e9881a,train,negative,https://creativecommons.org/licenses/by/2.0/,Canine To Five,DSCF2940,https://c3.staticflickr.com/9/8668/16184044023_ffefce0679_o.jpg,https://www.flickr.com/photos/9334511@N06/16184044023
91a7534a3005fc10,train,positive,https://creativecommons.org/licenses/by/2.0/,MICHAEL BROWN,cow #44,https://farm1.staticflickr.com/8353/8331159299_2a12c1ea6c_o.jpg,https://www.flickr.com/photos/mikebfotos/8331159299
91d54776336f17e1,train,positive,https://creativecommons.org/licenses/by/2.0/,Chadica,Cows at the Ein Gav Kibbutz,https://farm2.staticflickr.com/3060/2853479118_4e45494c46_o.jpg,https://www.flickr.com/photos/chadica/2853479118
91e4f9b22fa0cc97,train,positive,https://creativecommons.org/licenses/by/2.0/,Pete Klosterman,Brangus bull,https://farm8.staticflickr.com/226/477865126_8561bdee7c_o.jpg,https://www.flickr.com/photos/pete_k_1948/477865126
934acafaac7d892a,train,positive,https://creativecommons.org/licenses/by/2.0/,Lock the Gate Alliance,Liverpool Plains,https://c3.staticflickr.com/9/8513/8353745380_ebf05904a5_o.jpg,https://www.flickr.com/photos/lockthegatealliance/8353745380/
971e2ba00ec3f268,train,positive,https://creativecommons.org/licenses/by/2.0/,Ralf Schulze,Allgaeu_09_2005_ 110,https://c1.staticflickr.com/1/88/223210337_3fdfa563e8_o.jpg,https://www.flickr.com/photos/rs-foto/223210337
97316fe963138baa,train,positive,https://creativecommons.org/licenses/by/2.0/,bjoern,"Rodeo in Houston, March 2013",https://c3.staticflickr.com/9/8230/8589446637_6f6336e7a9_o.jpg,https://www.flickr.com/photos/bjoern/8589446637
9791a9e2d34c9944,train,negative,https://creativecommons.org/licenses/by/2.0/,Rosenfeld Media,MF001: Figure 1.1,https://c7.staticflickr.com/6/5275/7158838656_b4341c00bd_o.jpg,https://www.flickr.com/photos/rosenfeldmedia/7158838656/
980a70e2303b9e77,train,positive,https://creativecommons.org/licenses/by/2.0/,Un Bolshakov,dagestan: cow,https://farm8.staticflickr.com/1381/1351695303_2d37e6243f_o.jpg,https://www.flickr.com/photos/bolshakov/1351695303
9832abc7c38bb11e,train,positive,https://creativecommons.org/licenses/by/2.0/,McKay Savage,cute calf,https://c7.staticflickr.com/2/1359/5111452055_6c985ee34b_o.jpg,https://www.flickr.com/photos/mckaysavage/5111452055
98496dd1d2e8b8e4,train,positive,https://creativecommons.org/licenses/by/2.0/,Steve Bozak,fun day,https://farm5.staticflickr.com/2932/14567441654_7fb221d1cc_o.jpg,https://www.flickr.com/photos/34513998@N02/14567441654
98ef2df73dc488e8,train,positive,https://creativecommons.org/licenses/by/2.0/,diosthenese,smD21077a,https://c1.staticflickr.com/4/3078/2520973677_27f0b9f382_o.jpg,https://www.flickr.com/photos/25048019@N03/2520973677
999b2ba43f498d57,train,positive,https://creativecommons.org/licenses/by/2.0/,Pete Birkinshaw,Alderley Edge to Hare Hill,https://farm8.staticflickr.com/3679/20239474129_ba38d3fc7e_o.jpg,https://www.flickr.com/photos/binaryape/20239474129
9a24464b368bcb0e,train,positive,https://creativecommons.org/licenses/by/2.0/,jmt-29,Course camarguaise,https://c7.staticflickr.com/6/5348/7409532374_0fea93de95_o.jpg,https://www.flickr.com/photos/jmt-29/7409532374
9d96f3293e1b7432,train,positive,https://creativecommons.org/licenses/by/2.0/,Jenna Filipkowski,IMG_3228.jpg,https://farm3.staticflickr.com/8069/8197389563_fae6a57bc1_o.jpg,https://www.flickr.com/photos/jennan0elle/8197389563
a01860301ac3031f,train,positive,https://creativecommons.org/licenses/by/2.0/,Brieuc Saffré,Gnou,https://c8.staticflickr.com/5/4121/4739520292_e095561a00_o.jpg,https://www.flickr.com/photos/brieuc/4739520292
a0c7f08ce895ff52,train,positive,https://creativecommons.org/licenses/by/2.0/,Geoffrey Rhodes,Noccundra Campdraft & Rodeo,https://farm3.staticflickr.com/5474/10641994493_569ab5abd0_o.jpg,https://www.flickr.com/photos/20940650@N07/10641994493
a15a5d4a704d504c,train,positive,https://creativecommons.org/licenses/by/2.0/,Martin benavides,Pablo hermoso de mendoza,https://c5.staticflickr.com/4/3002/2293649660_dc30c9823e_o.jpg,https://www.flickr.com/photos/mbenavides/2293649660
a242bbc984bfe112,train,positive,https://creativecommons.org/licenses/by/2.0/,U.S. Department of Agriculture,Dairy Cow,https://farm3.staticflickr.com/8720/16802162424_775f2ed490_o.jpg,https://www.flickr.com/photos/usdagov/16802162424
a35b8543507acdd2,train,positive,https://creativecommons.org/licenses/by/2.0/,MdAgDept,Official ID,https://farm3.staticflickr.com/3953/15594378675_3c608b39ef_o.jpg,https://www.flickr.com/photos/mdagdept/15594378675
a3cb8036d871190f,train,positive,https://creativecommons.org/licenses/by/2.0/,spiraltri3e,Peniscola 2011,https://c8.staticflickr.com/7/6217/6226306847_a9be2f050c_o.jpg,https://www.flickr.com/photos/spiral/6226306847
a41413755af8f995,train,positive,https://creativecommons.org/licenses/by/2.0/,Oliver Ruhm,"Highland Cattle, Isle of Islay, Schottland",https://farm6.staticflickr.com/5107/5679496220_4edf39d20e_o.jpg,https://www.flickr.com/photos/ruhm/5679496220
a7d9ca79f190f584,train,positive,https://creativecommons.org/licenses/by/2.0/,snotch,_DSC7430,https://farm5.staticflickr.com/4122/4934138255_42cb60c3a4_o.jpg,https://www.flickr.com/photos/snotch/4934138255
a883ede8d4ee1213,train,positive,https://creativecommons.org/licenses/by/2.0/,Harold Kuiper,Stierenvechten Sevilla,https://farm4.staticflickr.com/60/181502708_8ffcf91058_o.jpg,https://www.flickr.com/photos/haroldkuiper/181502708
aabc78b79706c181,train,positive,https://creativecommons.org/licenses/by/2.0/,Sergio Kasusky Pech,Torero,https://farm2.staticflickr.com/1113/570030666_4ec42f9fe5_o.jpg,https://www.flickr.com/photos/sergiokasusky/570030666
aba6b644836c3461,train,positive,https://creativecommons.org/licenses/by/2.0/,Ananth BS,Annadatha,https://farm2.staticflickr.com/46/136310496_216ff74e2f_o.jpg,https://www.flickr.com/photos/ananth/136310496
ad10853e21a21062,train,positive,https://creativecommons.org/licenses/by/2.0/,Ashley Bayles,Calgary Stampede,https://farm3.staticflickr.com/8027/7606039798_a53a2feef9_o.jpg,https://www.flickr.com/photos/ashleybayles/7606039798
aed3da55e0bc6852,train,positive,https://creativecommons.org/licenses/by/2.0/,Vidar Karlsen,Highland cattle,https://farm3.staticflickr.com/2916/14092287711_b603927d5e_o.jpg,https://www.flickr.com/photos/vkarlsen/14092287711
afa3079b8307d1d7,train,positive,https://creativecommons.org/licenses/by/2.0/,Wilson Hui,20130713-135-of-365,https://farm8.staticflickr.com/7399/9284716700_5871e601f2_o.jpg,https://www.flickr.com/photos/wilsonhui/9284716700
afac8875d2dadaf3,train,positive,https://creativecommons.org/licenses/by/2.0/,Pete Gregoire,20140216untitled910,https://farm4.staticflickr.com/2869/12625405623_0f3be6e0fa_o.jpg,https://www.flickr.com/photos/petegregoire/12625405623
b39cbec447cd153c,train,positive,https://creativecommons.org/licenses/by/2.0/,Michael Pollak,who you looking at!?,https://c5.staticflickr.com/8/7106/6908326594_d9112e524f_o.jpg,https://www.flickr.com/photos/michaelpollak/6908326594
b7f0609738220d71,train,positive,https://creativecommons.org/licenses/by/2.0/,Mike,P3230021,https://farm2.staticflickr.com/7237/13371566743_efba7f55bf_o.jpg,https://www.flickr.com/photos/39965300@N07/13371566743
b89219964bbd8b8b,train,negative,https://creativecommons.org/licenses/by/2.0/,Deb,nose to nose to nose,https://c4.staticflickr.com/3/2432/3628107651_ea5fdf1ca6_o.jpg,https://www.flickr.com/photos/ferlinka/3628107651
b8bc4de4409126bf,train,negative,https://creativecommons.org/licenses/by/2.0/,Alex Giron,Preston,https://c8.staticflickr.com/4/3653/3446326880_cdf3a9833f_o.jpg,https://www.flickr.com/photos/giron/3446326880
b8e4ff43784ed05e,train,positive,https://creativecommons.org/licenses/by/2.0/,spiraltri3e,Peniscola 2011,https://c7.staticflickr.com/7/6177/6226296991_3aa9409238_o.jpg,https://www.flickr.com/photos/spiral/6226296991
b958a1ca7d2bf540,train,positive,https://creativecommons.org/licenses/by/2.0/,Dave Hogg,Y-M-C-A,https://farm1.staticflickr.com/178/459516586_47f30dfd46_o.jpg,https://www.flickr.com/photos/davehogg/459516586
bd0316bff33767f1,train,positive,https://creativecommons.org/licenses/by/2.0/,Jose Manuel Fernandez,IMG_2117,https://farm2.staticflickr.com/5350/9701429165_64a771256f_o.jpg,https://www.flickr.com/photos/josemafdezfdez/9701429165
be0eece120f52f2b,train,negative,https://creativecommons.org/licenses/by/2.0/,nakashi,Jazil,https://c4.staticflickr.com/1/54/166150653_c2f804eac7_o.jpg,https://www.flickr.com/photos/nakashi/166150653
be6454cf51c74709,train,positive,https://creativecommons.org/licenses/by/2.0/,Paul Wordingham,Highland calf with Blue Tongue??!!,https://c2.staticflickr.com/4/3224/2802953663_1e37ed3ccb_o.jpg,https://www.flickr.com/photos/13422316@N00/2802953663
bf6ae0886261a8c8,train,positive,https://creativecommons.org/licenses/by/2.0/,David,IMG_5138,https://c1.staticflickr.com/2/1071/1363069109_cc5f969200_o.jpg,https://www.flickr.com/photos/bootbearwdc/1363069109
c019f0787a5bcadf,train,positive,https://creativecommons.org/licenses/by/2.0/,CGP Grey,Hell's angels at the Cody Rodeo,https://c8.staticflickr.com/5/4075/4888644267_80c9c89be5_o.jpg,https://www.flickr.com/photos/cgpgrey/4888644267
c11d9d6049d76709,train,positive,https://creativecommons.org/licenses/by/2.0/,Poncho Equihua,Forcados de Mazatlan 1,https://c2.staticflickr.com/5/4079/4763134890_5b24d50f62_o.jpg,https://www.flickr.com/photos/16428452@N07/4763134890
c342e18e8a63eed6,train,positive,https://creativecommons.org/licenses/by/2.0/,Alikai,campdrafting02,https://farm7.staticflickr.com/1118/1377753898_b6b5a8f9d3_o.jpg,https://www.flickr.com/photos/alikai/1377753898
c3885c1077e6d103,train,positive,https://creativecommons.org/licenses/by/2.0/,Gerardo Lazzari,Festa do Peão de Boiadeiro em Barretos,https://farm4.staticflickr.com/3436/3886874407_344b597a90_o.jpg,https://www.flickr.com/photos/gerardolazzari/3886874407
c45de25cd91134f4,train,positive,https://creativecommons.org/licenses/by/2.0/,Paul J Everett,"Professional Bull Riding (PBR), Indianapolis 2008",https://farm5.staticflickr.com/2396/2190655690_8bee446c47_o.jpg,https://www.flickr.com/photos/paul_everett82/2190655690
c54890c044e63d78,train,positive,https://creativecommons.org/licenses/by/2.0/,&quot;G&quot; jewels g is for grandma,Going off the hard way,https://c1.staticflickr.com/3/2239/2539453961_af8fefb7f3_o.jpg,https://www.flickr.com/photos/g_jewels/2539453961/
c5e088383cbe7c41,train,positive,https://creativecommons.org/licenses/by/2.0/,bauernverband,IMG_8687,https://farm2.staticflickr.com/8629/16445911999_7ba9b0e59d_o.jpg,https://www.flickr.com/photos/bauernverband/16445911999
c6737278e2845421,train,positive,https://creativecommons.org/licenses/by/2.0/,"Turol Jones, un artista de cojones",Teruel  Vaquilla Teruel 2014 00059.jpg,https://farm2.staticflickr.com/3886/14915045806_11c422b316_o.jpg,https://www.flickr.com/photos/10352740@N03/14915045806
c74bab276663a956,train,positive,https://creativecommons.org/licenses/by/2.0/,John Haslam,IMG_3650,https://farm7.staticflickr.com/170/415467173_b7fb5998e9_o.jpg,https://www.flickr.com/photos/foxypar4/415467173
c837a3f52e994249,train,positive,https://creativecommons.org/licenses/by/2.0/,David Lombardía,Vacas en el parque eólico,https://c2.staticflickr.com/4/3662/3827820594_9719ba243e_o.jpg,https://www.flickr.com/photos/dlombardia/3827820594
c83cfe169e46c048,train,negative,https://creativecommons.org/licenses/by/2.0/,eflon,Clydesdale Horse,https://c1.staticflickr.com/3/2222/2308841852_a05a2b837e_o.jpg,https://www.flickr.com/photos/eflon/2308841852
c8a4af22ae42efb8,train,negative,https://creativecommons.org/licenses/by/2.0/,"Mariposa Veterinary Wellness Center in Lenexa, KS",IMG_4407,https://c1.staticflickr.com/1/591/20014293933_1edcc06cf5_o.jpg,https://www.flickr.com/photos/mariposavet/20014293933
c92b7a4d9d48926d,train,positive,https://creativecommons.org/licenses/by/2.0/,Alberto Cabello,Vaquillas (6/7/2015),https://c6.staticflickr.com/1/466/19749933254_4abf878fd5_o.jpg,https://www.flickr.com/photos/pixelillo/19749933254
cc3d89aabde0378c,train,negative,https://creativecommons.org/licenses/by/2.0/,David Merrett,Springer Spaniel,https://c5.staticflickr.com/2/1040/747242766_3215b5ae53_o.jpg,https://www.flickr.com/photos/davehamster/747242766
cce3d354d35e99da,train,positive,https://creativecommons.org/licenses/by/2.0/,Pamela,cow picks her nose,https://c3.staticflickr.com/4/3238/2861573348_91fd4d3931_o.jpg,https://www.flickr.com/photos/otterpix/2861573348
cd5204d9cf7e01e8,train,positive,https://creativecommons.org/licenses/by/2.0/,k_crosland,Riding Bareback,https://c1.staticflickr.com/4/3437/3790569513_237c43a294_o.jpg,https://www.flickr.com/photos/13825570@N04/3790569513
ce13699b1eac8035,train,positive,https://creativecommons.org/licenses/by/2.0/,Brian Gratwicke,"Mini Bull Rider, Jackson hole Rodeo",https://farm6.staticflickr.com/8447/7848232332_57b7dccea8_o.jpg,https://www.flickr.com/photos/briangratwicke/7848232332/
ce902200e4d89879,train,positive,https://creativecommons.org/licenses/by/2.0/,Kathrin Guenther,work cow,https://c2.staticflickr.com/3/2779/4386171370_f10acc927a_o.jpg,https://www.flickr.com/photos/kathrin2010/4386171370
d18c57e2866ae822,train,positive,https://creativecommons.org/licenses/by/2.0/,Squeezyboy,Cow in Sun,https://farm3.staticflickr.com/29/43615225_27c6ce8f10_o.jpg,https://www.flickr.com/photos/squeezyboy/43615225
d4a12f39f0c09788,train,positive,https://creativecommons.org/licenses/by/2.0/,Brianne Du Clos,Devon Beef Cattle @ Common Ground,https://c1.staticflickr.com/4/3851/15313574795_4aa63da373_o.jpg,https://www.flickr.com/photos/forester_lady/15313574795
d5ce2e6e440053a0,train,positive,https://creativecommons.org/licenses/by/2.0/,Roberto Verzo,Taal Volcano: Philippines,https://farm1.staticflickr.com/3078/2735246752_f40fec16c4_o.jpg,https://www.flickr.com/photos/verzo/2735246752
d7911bf5ab8d4af1,train,positive,https://creativecommons.org/licenses/by/2.0/,Jean,Bucking Bull,https://farm2.staticflickr.com/2081/2390978753_673c4c6948_o.jpg,https://www.flickr.com/photos/7326810@N08/2390978753
d93dbc224dded572,train,positive,https://creativecommons.org/licenses/by/2.0/,Marcela Arango,20,https://farm3.staticflickr.com/8666/16175679974_38ccfbd99b_o.jpg,https://www.flickr.com/photos/marcelabcolombia/16175679974
d9b5481ed39a5038,train,negative,https://creativecommons.org/licenses/by/2.0/,Jamiecat *,Untitled,https://c1.staticflickr.com/6/5324/9656291646_99c08f17e1_o.jpg,https://www.flickr.com/photos/jamiecat/9656291646
d9d1326a08756178,train,positive,https://creativecommons.org/licenses/by/2.0/,Ben Aston,I told you I dont like pink,https://c1.staticflickr.com/2/1062/1419405347_5683348d10_o.jpg,https://www.flickr.com/photos/benaston/1419405347
db53bb191ee981f6,train,positive,https://creativecommons.org/licenses/by/2.0/,Paul Hudson,Houston Rodeo and Livestock show,https://farm7.staticflickr.com/5139/5514075560_89714b5840_o.jpg,https://www.flickr.com/photos/pahudson/5514075560
db593a5fa38b8b9d,train,positive,https://creativecommons.org/licenses/by/2.0/,Jim Bowen,Having A Closer Look,https://c6.staticflickr.com/3/2701/4358285232_185fb5abd5_o.jpg,https://www.flickr.com/photos/jamiedfw/4358285232/
dce2de0085a51fc2,train,negative,https://creativecommons.org/licenses/by/2.0/,~Pawsitive~Candie_N,bowing down,https://farm3.staticflickr.com/3296/2899832542_bbb301e3f3_o.jpg,https://www.flickr.com/photos/scjn/2899832542
dd69e66ca03742e6,train,positive,https://creativecommons.org/licenses/by/2.0/,Jeff Wallace,Eye to Eye!,https://farm7.staticflickr.com/5264/5846787061_286487a071_o.jpg,https://www.flickr.com/photos/wherezjeff/5846787061
dd87708492a06585,train,positive,https://creativecommons.org/licenses/by/2.0/,Wildebeast1,Variant Creutzfeldt-Jakob,https://farm6.staticflickr.com/1113/3163964769_f92d1e5d34_o.jpg,https://www.flickr.com/photos/wildebees/3163964769
ddfdeb9ba20bdf80,train,positive,https://creativecommons.org/licenses/by/2.0/,Emilio Labrador,Longhorn Cow,https://farm1.staticflickr.com/4032/4211773698_773f94abbf_o.jpg,https://www.flickr.com/photos/3059349393/4211773698
df24830ae1b2fd13,train,positive,https://creativecommons.org/licenses/by/2.0/,Christian Van Der Henst S.,Quitense que alli viene!,https://farm4.staticflickr.com/17/23441351_5d87dc3d31_o.jpg,https://www.flickr.com/photos/cvander/23441351
e008e39af2d59a5f,train,positive,https://creativecommons.org/licenses/by/2.0/,Christian Van Der Henst S.,"Dale torito, dale.",https://c8.staticflickr.com/1/19/23441390_7ecda45f2d_o.jpg,https://www.flickr.com/photos/cvander/23441390
e03972d97713fb2c,train,positive,https://creativecommons.org/licenses/by/2.0/,Ross Angus,Highland cow,https://c5.staticflickr.com/1/30/40806556_795c01eeab_o.jpg,https://www.flickr.com/photos/ross_angus/40806556
e28c3e06fc4b1b4d,train,positive,https://creativecommons.org/licenses/by/2.0/,Justin Leonard,Oakley the billy goat (for breeding purposes),https://c6.staticflickr.com/4/3572/3770310297_3377c49fee_o.jpg,https://www.flickr.com/photos/scrap_pile/3770310297
e29dbd199b614f0d,train,positive,https://creativecommons.org/licenses/by/2.0/,Joe Lanman,Cow and calf,https://c6.staticflickr.com/1/77/195028615_4813c4278a_o.jpg,https://www.flickr.com/photos/joelanman/195028615
e37f07965e61f38c,train,positive,https://creativecommons.org/licenses/by/2.0/,diosthenese,smD20861a,https://c5.staticflickr.com/4/3141/2521791492_de7bea2186_o.jpg,https://www.flickr.com/photos/25048019@N03/2521791492
e3e7094ee40b88b2,train,positive,https://creativecommons.org/licenses/by/2.0/,khaipi,DSCF1454,https://farm3.staticflickr.com/1404/1149674270_b07f0036c6_o.jpg,https://www.flickr.com/photos/khaipi/1149674270
e524af537d2e557d,train,positive,https://creativecommons.org/licenses/by/2.0/,Daniel X. O&#x27;Neil,Steer Roping at the DuPage County Fair,https://c6.staticflickr.com/4/3846/15200625528_d145af8c73_o.jpg,https://www.flickr.com/photos/juggernautco/15200625528
e5f5e7d5a217cf2e,train,negative,https://creativecommons.org/licenses/by/2.0/,Mike Riela,"Hey there, Rip.",https://c7.staticflickr.com/9/8478/8214487472_fd17fb2c0e_o.jpg,https://www.flickr.com/photos/mikeriela/8214487472
e76fa3a5687cd547,train,positive,https://creativecommons.org/licenses/by/2.0/,Joe Bielawa,World's Toughest Rodeo -DSC_0143- 2.1..2013,https://farm8.staticflickr.com/8495/8445178907_4fc4a906f8_o.jpg,https://www.flickr.com/photos/joebielawa/8445178907
e8affa1f524fb0a5,train,positive,https://creativecommons.org/licenses/by/2.0/,dodongflores,Tricycle,https://farm6.staticflickr.com/1286/1377904554_7d460dcc34_o.jpg,https://www.flickr.com/photos/dodongflores/1377904554/
e94827242ea4edd3,train,positive,https://creativecommons.org/licenses/by/2.0/,Paul J Everett,"Professional Bull Riding (PBR), Indianapolis 2008",https://farm4.staticflickr.com/2254/2189867999_18a2b5ed9e_o.jpg,https://www.flickr.com/photos/paul_everett82/2189867999
e9fef8a8ea75cdd3,train,positive,https://creativecommons.org/licenses/by/2.0/,Linda Stanley,Highland 3 images combined,https://farm4.staticflickr.com/2811/9166217164_edda315c65_o.jpg,https://www.flickr.com/photos/68732830@N06/9166217164
ebc3f0f2b65b7b54,train,positive,https://creativecommons.org/licenses/by/2.0/,Arend,nog heerlijk groen gras in November,https://farm5.staticflickr.com/7563/15495221698_a7662041d3_o.jpg,https://www.flickr.com/photos/vermazeren/15495221698
ec1ef7a131eea280,train,positive,https://creativecommons.org/licenses/by/2.0/,Tristan Ferne,Looming Highland calf,https://farm1.staticflickr.com/4082/4782560130_afb06ed50c_o.jpg,https://www.flickr.com/photos/tristanf/4782560130
ec3e18e28dffaae2,train,positive,https://creativecommons.org/licenses/by/2.0/,Jeremy Howard,Professional Bull Riding - California Mid State Fair,https://farm3.staticflickr.com/3247/2734304962_5bdee76bc6_o.jpg,https://www.flickr.com/photos/69185928@N00/2734304962
ec60464e3341a338,train,positive,https://creativecommons.org/licenses/by/2.0/,diosthenese,smD20869a,https://c1.staticflickr.com/3/2381/2520971613_a590ba6d75_o.jpg,https://www.flickr.com/photos/25048019@N03/2520971613
ed87b6c433e09140,train,positive,https://creativecommons.org/licenses/by/2.0/,Battle Creek CVB,Bull Riding - Battle Creek,https://farm1.staticflickr.com/2595/4100642553_e4c81011ba_o.jpg,https://www.flickr.com/photos/battlecreekcvb/4100642553
ed97f8cc0c006df8,train,positive,https://creativecommons.org/licenses/by/2.0/,Roy Montgomery,Rodeo - On The Bull,https://c1.staticflickr.com/4/3258/3315609552_979f21e118_o.jpg,https://www.flickr.com/photos/roymontgomery/3315609552
ee9b069a0c00ab3d,train,negative,https://creativecommons.org/licenses/by/2.0/,Lee Green,horsey004,https://c6.staticflickr.com/9/8092/8545179707_de548f1d87_o.jpg,https://www.flickr.com/photos/leegreen/8545179707
eef81394ea35264e,train,positive,https://creativecommons.org/licenses/by/2.0/,Glen,"Cow at Luddesdown, Kent 2",https://c7.staticflickr.com/3/2457/3767437146_7ff45fae44_o.jpg,https://www.flickr.com/photos/l2f1/3767437146
f0f9bfb6b81dc05e,train,positive,https://creativecommons.org/licenses/by/2.0/,Larry Jacobsen,Steer Wrestling - slack - CFD,https://c7.staticflickr.com/2/1283/924181384_9f8300348c_o.jpg,https://www.flickr.com/photos/ljguitar/924181384/
f1168ef7e8874b5c,train,positive,https://creativecommons.org/licenses/by/2.0/,PhotoAtelier,HoofnHoller-Bullrider 01.jpg,https://c5.staticflickr.com/6/5475/11696072586_759e3b27f2_o.jpg,https://www.flickr.com/photos/glenbledsoe/11696072586
f315dc4eee04a2be,train,positive,https://creativecommons.org/licenses/by/2.0/,Matthew Britton,horned cow,https://c7.staticflickr.com/9/8037/7993901217_4c59811a41_o.jpg,https://www.flickr.com/photos/huggleperson/7993901217
f362d9800f7cbbd8,train,positive,https://creativecommons.org/licenses/by/2.0/,Wendy Berry,Way pregnant cow.,https://c1.staticflickr.com/9/8448/7887902846_ac292254ca_o.jpg,https://www.flickr.com/photos/twodolla/7887902846
f3704c2cf1a10da7,train,positive,https://creativecommons.org/licenses/by/2.0/,T U R K A I R O,Untitled,https://farm8.staticflickr.com/2319/2470179397_ce54b1c5e5_o.jpg,https://www.flickr.com/photos/turkairo/2470179397
f3eaf774f7c4f12c,train,negative,https://creativecommons.org/licenses/by/2.0/,MythicSeabass,White Boxer Dog Loki Puppy,https://c5.staticflickr.com/7/6136/5944486153_a9c4d514d5_o.jpg,https://www.flickr.com/photos/mythicseabass/5944486153
f63445d1e5247a6d,train,positive,https://creativecommons.org/licenses/by/2.0/,Anthony Letmon,The Fight,https://c6.staticflickr.com/1/135/393664774_2fc740a62e_o.jpg,https://www.flickr.com/photos/anthonyletmon/393664774
f70073399282c8ce,train,positive,https://creativecommons.org/licenses/by/2.0/,Photo and Share CC,"소, by Nanshil Kwon",https://c7.staticflickr.com/4/3801/11029440123_2e1d85b7a7_o.jpg,https://www.flickr.com/photos/cc_photoshare/11029440123
f79fa360f749b8c8,train,positive,https://creativecommons.org/licenses/by/2.0/,Maurina Rara,Cow,https://c1.staticflickr.com/3/2187/2125807919_e07ffcb3f2_o.jpg,https://www.flickr.com/photos/maurina/2125807919
f8026ea33c54be8b,train,positive,https://creativecommons.org/licenses/by/2.0/,Aaron &quot;tango&quot; Tang,Bull-leapers15,https://c4.staticflickr.com/5/4007/4210747192_634475137d_o.jpg,https://www.flickr.com/photos/hahatango/4210747192/
f952ecc795233e69,train,positive,https://creativecommons.org/licenses/by/2.0/,SubtlePanda,Bull Fight,https://c2.staticflickr.com/3/2430/3888832830_fe05c74926_o.jpg,https://www.flickr.com/photos/subtlepanda/3888832830
f9db27eafbe96602,train,negative,https://creativecommons.org/licenses/by/2.0/,Di Jones,IMG_4897.jpg,https://farm3.staticflickr.com/3720/11450319213_e1d1bf8450_o.jpg,https://www.flickr.com/photos/lesotho/11450319213
fa178386b606c4e2,train,positive,https://creativecommons.org/licenses/by/2.0/,Barry Badcock,Wicken Fen,https://farm3.staticflickr.com/8628/16098186088_b3e0a1befd_o.jpg,https://www.flickr.com/photos/barty/16098186088
fafce6254ceda838,train,negative,https://creativecommons.org/licenses/by/2.0/,amateur photography by michel,&quot;You ain't nothing but a ...&quot;,https://c1.staticflickr.com/4/3939/15674652525_455d17598d_o.jpg,https://www.flickr.com/photos/119886413@N05/15674652525
fb488d8b20c9db22,train,negative,https://creativecommons.org/licenses/by/2.0/,Hemlit :),Havanese,https://farm3.staticflickr.com/8063/8210297585_c05e3039d9_o.jpg,https://www.flickr.com/photos/hemlit/8210297585/
fc1967423bdf2cb2,train,positive,https://creativecommons.org/licenses/by/2.0/,Linda,Roping - Up Close,https://farm3.staticflickr.com/1108/1189182726_6ff98f7fd5_o.jpg,https://www.flickr.com/photos/lindaburnett/1189182726
fc5b63eab4ef0fb5,train,positive,https://creativecommons.org/licenses/by/2.0/,hillman54,"Saslong, Città dei Sassi",https://farm6.staticflickr.com/8297/7774414478_a3ebb6db68_o.jpg,https://www.flickr.com/photos/12265657@N04/7774414478
fd8837a762235e6d,train,positive,https://creativecommons.org/licenses/by/2.0/,Jim Accordino,Catchin big air at the rodeo,https://c6.staticflickr.com/6/5514/11873039306_fdaeb02d3b_o.jpg,https://www.flickr.com/photos/jimmyack205/11873039306/
ff299d791bdb0e18,train,positive,https://creativecommons.org/licenses/by/2.0/,James,Dairy Cow,https://c1.staticflickr.com/8/7320/9282858289_a80c6fb489_o.jpg,https://www.flickr.com/photos/jamarmstrong/9282858289
ffce46ce278e7579,train,positive,https://creativecommons.org/licenses/by/2.0/,Mike Fisher,Houston Zoo Big Horns,https://c2.staticflickr.com/2/1155/4722870650_d0cbc7c6d8_o.jpg,https://www.flickr.com/photos/bfs_man/4722870650
ffcfb20f7753e9d1,train,positive,https://creativecommons.org/licenses/by/2.0/,"Climate Change, Agriculture and Food Security",Climate smart agriculture in Machakos county,https://farm2.staticflickr.com/3940/15453536168_410be112af_o.jpg,https://www.flickr.com/photos/cgiarclimate/15453536168
fffc6543b32da1dd,train,positive,https://creativecommons.org/licenses/by/2.0/,simpleinsomnia,Cowboys chasing cattle at the rodeo,https://c6.staticflickr.com/8/7795/17631505312_9f65f33065_o.jpg,https://www.flickr.com/photos/simpleinsomnia/17631505312
02a5b41524b4ba4b,val,positive,https://creativecommons.org/licenses/by/2.0/,Daisyree Bakker,Cow,https://c4.staticflickr.com/5/4037/4687812056_1cfe70090b_o.jpg,https://www.flickr.com/photos/27875041@N02/4687812056
0e2004910f2bf847,val,positive,https://creativecommons.org/licenses/by/2.0/,Tom Hilton,Bucolic Landscape with Bovine Protagonist,https://farm8.staticflickr.com/5252/5539302771_96832bdf64_o.jpg,https://www.flickr.com/photos/tomhilton/5539302771
0e4fe4175fe7025e,val,positive,https://creativecommons.org/licenses/by/2.0/,Emmett Tullos,bull riding,https://c7.staticflickr.com/1/74/159845627_f9bf317eb4_o.jpg,https://www.flickr.com/photos/emmett_ns_tullos/159845627
141a89e2de02312b,val,positive,https://creativecommons.org/licenses/by/2.0/,davharuk,Sussex Cows Eating,https://c4.staticflickr.com/8/7429/9576759469_39754b7e26_o.jpg,https://www.flickr.com/photos/davharuk/9576759469
14c9fb317ba6b92c,val,positive,https://creativecommons.org/licenses/by/2.0/,Cat Burston,Cows in the peaks,https://c5.staticflickr.com/9/8600/16067285677_797437d049_o.jpg,https://www.flickr.com/photos/catt1788/16067285677
178df841a2e226af,val,positive,https://creativecommons.org/licenses/by/2.0/,Kinneret Yifrah,Orvim Reservoir1,https://c8.staticflickr.com/2/1350/1373242129_dbf04e98e6_o.jpg,https://www.flickr.com/photos/kinnerety/1373242129
1c7282b013616378,val,negative,https://creativecommons.org/licenses/by/2.0/,Audrey,Finnegan,https://c1.staticflickr.com/4/3057/2889222767_a01bd56ba4_o.jpg,https://www.flickr.com/photos/audreyjm529/2889222767
268a3df339dfc79f,val,positive,https://creativecommons.org/licenses/by/2.0/,Rusty Clark - On the Air M-F 8am-noon,"Silver Spurs Rodeo, Kenansville  (Olympus)",https://c8.staticflickr.com/3/2864/9652415455_cd7da9c704_o.jpg,https://www.flickr.com/photos/rusty_clark/9652415455
28cb18ee740dffc8,val,positive,https://creativecommons.org/licenses/by/2.0/,Christian Van Der Henst S.,Ajuaa!,https://c1.staticflickr.com/1/16/23441421_ed47dd7226_o.jpg,https://www.flickr.com/photos/cvander/23441421
2e8e13102c8483e2,val,positive,https://creativecommons.org/licenses/by/2.0/,Börkur Sigurbjörnsson,Cow,https://farm3.staticflickr.com/2326/2078095833_9c1f58502e_o.jpg,https://www.flickr.com/photos/borkurdotnet/2078095833
2fa4d728947841cd,val,positive,https://creativecommons.org/licenses/by/2.0/,RikkisRefuge Other,82-PileCowShit,https://c6.staticflickr.com/8/7652/16598088979_2bd20c6dd2_o.jpg,https://www.flickr.com/photos/rikkisrefugeother/16598088979
30ebbfac77011c7f,val,positive,https://creativecommons.org/licenses/by/2.0/,andy carter,Dexter Bull,https://c8.staticflickr.com/4/3213/2541202009_5809e058de_o.jpg,https://www.flickr.com/photos/salsaboy/2541202009
341c5e8ce38de096,val,negative,https://creativecommons.org/licenses/by/2.0/,gabrieleventi,What a dog,https://farm7.staticflickr.com/3072/2620028261_7a3afd138e_o.jpg,https://www.flickr.com/photos/56704354@N00/2620028261
3ccbdb60e4baab56,val,positive,https://creativecommons.org/licenses/by/2.0/,Richard Allen,024 - Ankole Cattle,https://farm7.staticflickr.com/2886/9368120676_4eda9366f6_o.jpg,https://www.flickr.com/photos/richmal/9368120676
3fcd6ed1c3cf2d9b,val,positive,https://creativecommons.org/licenses/by/2.0/,Jan Ramroth,erna,https://c4.staticflickr.com/2/1189/1285850722_263d985752_o.jpg,https://www.flickr.com/photos/janramroth/1285850722
47f2df417e10dd7f,val,positive,https://creativecommons.org/licenses/by/2.0/,Paul Asman and Jill Lenoble,cow,https://c8.staticflickr.com/5/4122/4806522982_85127b4b60_o.jpg,https://www.flickr.com/photos/pauljill/4806522982
481b00f9bf2171ae,val,negative,https://creativecommons.org/licenses/by/2.0/,istolethetv,indiana jones dog,https://c7.staticflickr.com/4/3062/2956741607_e17bda4546_o.jpg,https://www.flickr.com/photos/istolethetv/2956741607
4c675cb8ef974663,val,negative,https://creativecommons.org/licenses/by/2.0/,Tony Webster,Bighorn Banff,https://farm4.staticflickr.com/7524/15623083590_3445ef5834_o.jpg,https://www.flickr.com/photos/diversey/15623083590
4cc5986403f5d736,val,positive,https://creativecommons.org/licenses/by/2.0/,USFWS Mountain-Prairie,2014 Bison Roundup,https://farm7.staticflickr.com/7497/15992722212_f47bd9b216_o.jpg,https://www.flickr.com/photos/usfwsmtnprairie/15992722212
4e30f75839fae913,val,positive,https://creativecommons.org/licenses/by/2.0/,flikr,flikr1734,https://farm4.staticflickr.com/58/230381323_b93f25cb81_o.jpg,https://www.flickr.com/photos/flikr/230381323
5b9faf692004825c,val,negative,https://creativecommons.org/licenses/by/2.0/,Norm and Mary Kangas,American Water Spaniels: American Water Spaniel Kolkliene’s Countess Lexi (&quot;Lexi&quot;),https://c5.staticflickr.com/1/56/124340662_1d8660af22_o.jpg,https://www.flickr.com/photos/nomas_aws/124340662
5f194dcab48ac715,val,positive,https://creativecommons.org/licenses/by/2.0/,antony griffiths,cows4,https://farm6.staticflickr.com/7011/6818389937_bac23c8814_o.jpg,https://www.flickr.com/photos/antonygriffiths/6818389937
6581250accb252b5,val,positive,https://creativecommons.org/licenses/by/2.0/,Rob and Stephanie Levy,"1,116 hamburgers",https://farm6.staticflickr.com/2369/2245604763_a931137d72_o.jpg,https://www.flickr.com/photos/robandstephanielevy/2245604763
6582ec2c7ed1361a,val,positive,https://creativecommons.org/licenses/by/2.0/,Poster Boy,OCCUPY WALL ST,https://c3.staticflickr.com/7/6210/6153529783_5427138d59_o.jpg,https://www.flickr.com/photos/posterboynyc/6153529783
6b792f8539a62e67,val,positive,https://creativecommons.org/licenses/by/2.0/,Matt,Cows,https://farm8.staticflickr.com/4088/4947490718_ffcb286033_o.jpg,https://www.flickr.com/photos/corndog_au/4947490718
6cfa77fb7c882b37,val,positive,https://creativecommons.org/licenses/by/2.0/,Yasser Alghofily,Swiss Cow,https://farm8.staticflickr.com/2628/3774323199_deafd211d5_o.jpg,https://www.flickr.com/photos/4yas/3774323199
7288658d14747a5d,val,positive,https://creativecommons.org/licenses/by/2.0/,Anthony Easton,Steer Wrestling,https://c6.staticflickr.com/9/8714/16786865239_5ff8cef0a0_o.jpg,https://www.flickr.com/photos/pinkmoose/16786865239
7542f12b9f06682b,val,positive,https://creativecommons.org/licenses/by/2.0/,david humo,la vachette peut aussi gagner de temps en temps,https://c4.staticflickr.com/9/8027/7671829776_3358d7e88c_o.jpg,https://www.flickr.com/photos/breizh-punisher/7671829776
7a90f08663383481,val,positive,https://creativecommons.org/licenses/by/2.0/,Luis Hernandez,[3/30] vaca-ciones,https://farm2.staticflickr.com/2727/4119007795_46cfa3b36d_o.jpg,https://www.flickr.com/photos/d2k6/4119007795
7efd9c3dba023ee9,val,positive,https://creativecommons.org/licenses/by/2.0/,beta.robot,Skanzen Szentendre,https://c2.staticflickr.com/4/3849/14222125888_c3bab2bdef_o.jpg,https://www.flickr.com/photos/beta-robot/14222125888/
81ff2039724935e1,val,positive,https://creativecommons.org/licenses/by/2.0/,nickhell_,Cow,https://farm2.staticflickr.com/1106/5123997320_892eb5357e_o.jpg,https://www.flickr.com/photos/nickhell/5123997320
889ae51391e9a8b3,val,positive,https://creativecommons.org/licenses/by/2.0/,Anthony Quintano,Wheres the beef,https://farm4.staticflickr.com/3219/2388328841_0b08982de9_o.jpg,https://www.flickr.com/photos/quintanomedia/2388328841
a21754bb8bdade67,val,positive,https://creativecommons.org/licenses/by/2.0/,Bill Morrow,SONOITA FAIRGROUND,https://farm8.staticflickr.com/8180/7911926774_0416f3a869_o.jpg,https://www.flickr.com/photos/billmorrow/7911926774
a2bc25bd4d4145b9,val,positive,https://creativecommons.org/licenses/by/2.0/,Kevin Gibbons,papoli-10,https://c2.staticflickr.com/1/284/19539657631_590db16e12_o.jpg,https://www.flickr.com/photos/119453863@N02/19539657631
a3a80879c9a170c6,val,positive,https://creativecommons.org/licenses/by/2.0/,~Pawsitive~Candie_N,Teasing Bull,https://farm7.staticflickr.com/3186/2899015039_c240a6232e_o.jpg,https://www.flickr.com/photos/scjn/2899015039
aac06b8820c9937e,val,negative,https://creativecommons.org/licenses/by/2.0/,Elaine,Max - what pretty eye lashes,https://c7.staticflickr.com/4/3235/2817046614_4abe2e1b7b_o.jpg,https://www.flickr.com/photos/connermajik/2817046614
acae0097c0552a24,val,positive,https://creativecommons.org/licenses/by/2.0/,José Antonio Gil Martínez,Establo moderno,https://farm5.staticflickr.com/31/66233851_049da06592_o.jpg,https://www.flickr.com/photos/freecat/66233851
adedbc92418ea580,val,positive,https://creativecommons.org/licenses/by/2.0/,Ella Mullins,Cow,https://farm1.staticflickr.com/54/150403351_e9a1d84589_o.jpg,https://www.flickr.com/photos/stincodiporco/150403351
baf00f5d3c67ee5c,val,positive,https://creativecommons.org/licenses/by/2.0/,Ben Brophy,Lambs,https://c5.staticflickr.com/1/203/442968565_cb0c945523_o.jpg,https://www.flickr.com/photos/lfb/442968565
bc7bdbdc0adb80a2,val,positive,https://creativecommons.org/licenses/by/2.0/,Glen Bowman,"A cow - Wittenham Clumps, Oxfordshire",https://farm3.staticflickr.com/643/20987708476_5a8a0bdb6e_o.jpg,https://www.flickr.com/photos/glenbowman/20987708476
d48b994023e536d0,val,positive,https://creativecommons.org/licenses/by/2.0/,Torsten Behrens,2015-09-29_17-25-05,https://farm1.staticflickr.com/634/21905235762_5a8a104522_o.jpg,https://www.flickr.com/photos/torsten-behrens/21905235762
d54430e6d9a105aa,val,positive,https://creativecommons.org/licenses/by/2.0/,Ted Bigham,Mascara,https://c3.staticflickr.com/9/8173/7992745438_5101e83839_o.jpg,https://www.flickr.com/photos/tedbigham/7992745438
e10af05cf76b6fa8,val,positive,https://creativecommons.org/licenses/by/2.0/,Audrey,"Calves, But Not Twins",https://c1.staticflickr.com/1/101/367587913_54cde31d37_o.jpg,https://www.flickr.com/photos/audreyjm529/367587913
e72baabaa2c8e133,val,positive,https://creativecommons.org/licenses/by/2.0/,Banzai Hiroaki,DSC_8387,https://farm4.staticflickr.com/1080/5107047338_dc0e759dcf_o.jpg,https://www.flickr.com/photos/imgdive/5107047338
ed79ccecd6c14c3f,val,negative,https://creativecommons.org/licenses/by/2.0/,"Mariposa Veterinary Wellness Center in Lenexa, KS",6yr old mixed breed,https://c8.staticflickr.com/9/8638/15962298724_99a066a0d9_o.jpg,https://www.flickr.com/photos/mariposavet/15962298724
fc137b37d8c977f4,val,positive,https://creativecommons.org/licenses/by/2.0/,Asaf antman,פונינט,https://farm5.staticflickr.com/1246/1354710955_39a48835d6_o.jpg,https://www.flickr.com/photos/asafantman/1354710955
